{
	"textures": {
		"0": "animated_java:item/project/accretion2"
	},
	"elements": [
		{
			"from": [
				-4,
				8,
				-4
			],
			"to": [
				20,
				8.545454545454545,
				20
			],
			"rotation": {
				"angle": 0,
				"axis": "y",
				"origin": [
					8,
					8,
					-4
				]
			},
			"faces": {
				"north": {
					"uv": [
						0.008324661810613945,
						0.007590132827324478,
						15.991675338189387,
						0.9184060721062619
					],
					"texture": "#0"
				},
				"east": {
					"uv": [
						0.008324661810613945,
						0.007590132827324478,
						15.991675338189387,
						0.9184060721062619
					],
					"texture": "#0"
				},
				"south": {
					"uv": [
						0.008324661810613945,
						0.007590132827324478,
						15.991675338189387,
						0.9184060721062619
					],
					"texture": "#0"
				},
				"west": {
					"uv": [
						0.008324661810613945,
						0.007590132827324478,
						15.991675338189387,
						0.9184060721062619
					],
					"texture": "#0"
				},
				"up": {
					"uv": [
						2.8284339229968785,
						2.9243210388994307,
						13.21946540062435,
						12.985759644212523
					],
					"texture": "#0"
				},
				"down": {
					"uv": [
						2.8284339229968785,
						2.9243210388994307,
						13.21946540062435,
						12.985759644212523
					],
					"texture": "#0"
				}
			}
		}
	],
	"display": {
		"head": {
			"rotation": [
				0,
				0,
				0
			]
		}
	}
}