{
	"model": {
		"type": "range_dispatch",
		"property": "custom_model_data",
		"fallback": {
			"type": "model",
			"model": "minecraft:items/white_dye"
		},
		"entries": [
			{
				"threshold": 1,
				"model": {
					"type": "model",
					"model": "animated_java:item/animated_java_empty"
				}
			},
			{
				"threshold": 2,
				"model": {
					"type": "model",
					"model": "animated_java:item/project/bone"
				}
			},
			{
				"threshold": 3,
				"model": {
					"type": "model",
					"model": "animated_java:item/project/sphere"
				}
			},
			{
				"threshold": 4,
				"model": {
					"type": "model",
					"model": "animated_java:item/project/bone2"
				}
			}
		]
	},
	"animated_java": {
		"rigs": {
			"project": {
				"used_ids": [
					2,
					3,
					4
				]
			}
		}
	}
}