{
  "model": {
    "type": "minecraft:range_dispatch",
    "property": "minecraft:custom_model_data",
    "entries": [
      {
        "threshold": 990,
        "model": {
          "type": "minecraft:model",
          "model": "blockapi:item/mining_one"
        }
      },
      {
        "threshold": 991,
        "model": {
          "type": "minecraft:model",
          "model": "blockapi:item/mining_two"
        }
      },
      {
        "threshold": 992,
        "model": {
          "type": "minecraft:model",
          "model": "blockapi:item/mining_three"
        }
      },
      {
        "threshold": 993,
        "model": {
          "type": "minecraft:model",
          "model": "blockapi:item/mining_four"
        }
      },
      {
        "threshold": 994,
        "model": {
          "type": "minecraft:model",
          "model": "blockapi:item/mining_five"
        }
      },
      {
        "threshold": 995,
        "model": {
          "type": "minecraft:model",
          "model": "blockapi:item/mining_six"
        }
      },
      {
        "threshold": 996,
        "model": {
          "type": "minecraft:model",
          "model": "blockapi:item/mining_seven"
        }
      },
      {
        "threshold": 997,
        "model": {
          "type": "minecraft:model",
          "model": "blockapi:item/mining_eight"
        }
      },
      {
        "threshold": 998,
        "model": {
          "type": "minecraft:model",
          "model": "blockapi:item/mining_nine"
        }
      },
      {
        "threshold": 999,
        "model": {
          "type": "minecraft:model",
          "model": "blockapi:item/mining_ten"
        }
      }
    ],
    "fallback": {
      "type": "minecraft:model",
      "model": "minecraft:block/petrified_oak_slab"
    }
  }
}