{
  "startup.rbcm.startup_initialized_part1": {
    "sounds": [
      "reactor:startup/rbcm/startup_initialized_part1"
    ]
  },
  "ambience.reactor.ambient_loop": {
    "sounds": [
      "reactor:ambience/reactor/ambient_loop"
    ]
  },
  "ambience.reactor.ambient_loop_unstable": {
    "sounds": [
      "reactor:ambience/reactor/ambient_loop_unstable"
    ]
  },
  "explotion.reactor.reactor_ending_explotion": {
    "sounds": [
      "reactor:explotion/reactor/reactor_ending_explotion"
    ]
  },
  "explotion.reactor.reactor_state_critical": {
    "sounds": [
      "reactor:explotion/reactor/reactor_state_critical"
    ]
  },
  "explotion.reactor.failed_to_read_reactor": {
    "sounds": [
      "reactor:explotion/reactor/failed_to_read_reactor"
    ]
  },
  "music.reactor.reactorexplodingmusic": {
    "sounds": [
      "reactor:music/reactor/reactorexplodingmusic"
    ]
  },
  "startup.rbcm.systems_ingaged_part1": {
    "sounds": [
      "reactor:startup/rbcm/systems_ingaged_part1"
    ]
  },
  "startup.reactor.initializing_reactor_startup_part1": {
    "sounds": [
      "reactor:startup/reactor/initializing_reactor_startup_part1"
    ]
  },
  "startup.reactor.enabling_accretion_stabs_part1": {
    "sounds": [
      "reactor:startup/reactor/enabling_accretion_stabs_part1"
    ]
  },
  "startup.reactor.enabling_reactor_stabs": {
    "sounds": [
      "reactor:startup/reactor/enabling_reactor_stabs"
    ]
  },
  "startup.reactor.enabled_accretion_stabs": {
    "sounds": [
      "reactor:startup/reactor/enabled_accretion_stabs"
    ]
  },
  "startup.reactor.enabled_reactor_stabs": {
    "sounds": [
      "reactor:startup/reactor/enabled_reactor_stabs"
    ]
  },
  "startup.reactor.awaiting_mass": {
    "sounds": [
      "reactor:startup/reactor/awaiting_mass"
    ]
  },
  "startup.reactor.compressing_mass": {
    "sounds": [
      "reactor:startup/reactor/compressing_mass"
    ]
  },
  "startup.reactor.accretion_stabs_rumble": {
    "sounds": [
      "reactor:startup/reactor/accretion_stabs_rumble"
    ]
  },
  "startup.reactor.reactor_stabs_rumble": {
    "sounds": [
      "reactor:startup/reactor/reactor_stabs_rumble"
    ]
  },
  "startup.reactor.reactor_formed_explosion": {
    "sounds": [
      "reactor:startup/reactor/reactor_formed_explosion"
    ]
  },
  "startup.reactor.transfering_mass": {
    "sounds": [
      "reactor:startup/reactor/transfering_mass"
    ]
  },
  "startup.reactor.reactor_formed": {
    "sounds": [
      "reactor:startup/reactor/reactor_formed"
    ]
  },
  "startup.reactor.mass_reached": {
    "sounds": [
      "reactor:startup/reactor/mass_reached"
    ]
  },
  "startup.rbcm.beep_startup_part1": {
    "sounds": [
      "reactor:startup/rbcm/beep_startup_part1"
    ]
  }
}