{
  "startup.rbcm.startup_initialized_part1": {
    "sounds": [
      "reactor:startup/rbcm/startup_initialized_part1"
    ]
  },
  "ambience.reactor.ambient_loop": {
    "sounds": [
      "reactor:ambience/reactor/ambient_loop"
    ]
  },
  "ambience.reactor.ambient_loop_unstable": {
    "sounds": [
      "reactor:ambience/reactor/ambient_loop_unstable"
    ]
  },
  "explotion.reactor.reactor_ending_explotion": {
    "sounds": [
      "reactor:explotion/reactor/reactor_ending_explotion"
    ]
  },
  "explotion.reactor.reactor_state_critical": {
    "sounds": [
      "reactor:explotion/reactor/reactor_state_critical"
    ]
  },
  "explotion.reactor.failed_to_read_reactor": {
    "sounds": [
      "reactor:explotion/reactor/failed_to_read_reactor"
    ]
  },
  "music.reactor.reactorexplodingmusic": {
    "sounds": [
      "reactor:music/reactor/reactorexplodingmusic"
    ]
  },
  "music.reactor.reactor_spin_explode": {
    "sounds": [
      "reactor:music/reactor/reactor_spin_explode"
    ]
  },
  "warning.reactor.reactor_temp_warn_p1": {
    "sounds": [
      "reactor:warning/reactor/reactor_temp_warn_p1"
    ]
  },
  "warning.reactor.reactor_temp_warn_p2": {
    "sounds": [
      "reactor:warning/reactor/reactor_temp_warn_p2"
    ]
  },
  "warning.reactor.reactor_spin_warn_p1": {
    "sounds": [
      "reactor:warning/reactor/reactor_spin_warn_p1"
    ]
  },
  "warning.reactor.reactor_spin_warn_p2": {
    "sounds": [
      "reactor:warning/reactor/reactor_spin_warn_p2"
    ]
  },
  "warning.reactor.reactor_spin_warn_p3": {
    "sounds": [
      "reactor:warning/reactor/reactor_spin_warn_p3"
    ]
  },
  "warning.reactor.reactor_stab_front_top_right_disconnected": {
    "sounds": [
      "reactor:warning/reactor/reactor_stab_front_top_right_disconnected"
    ]
  },
  "warning.reactor.reactor_stab_front_top_left_disconnected": {
    "sounds": [
      "reactor:warning/reactor/reactor_stab_front_top_left_disconnected"
    ]
  },
  "warning.reactor.reactor_stab_front_bottom_left_disconnected": {
    "sounds": [
      "reactor:warning/reactor/reactor_stab_front_bottom_left_disconnected"
    ]
  },
  "warning.reactor.reactor_stab_front_bottom_right_disconnected": {
    "sounds": [
      "reactor:warning/reactor/reactor_stab_front_bottom_right_disconnected"
    ]
  },
  "warning.reactor.reactor_stab_back_top_right_disconnected": {
    "sounds": [
      "reactor:warning/reactor/reactor_stab_back_top_right_disconnected"
    ]
  },
  "warning.reactor.reactor_stab_back_top_left_disconnected": {
    "sounds": [
      "reactor:warning/reactor/reactor_stab_back_top_left_disconnected"
    ]
  },
  "warning.reactor.reactor_stab_back_bottom_left_disconnected": {
    "sounds": [
      "reactor:warning/reactor/reactor_stab_back_bottom_left_disconnected"
    ]
  },
  "warning.reactor.reactor_stab_back_bottom_right_disconnected": {
    "sounds": [
      "reactor:warning/reactor/reactor_stab_back_bottom_right_disconnected"
    ]
  },
  "warning.reactor.reactor_stab_front_top_right_connected": {
    "sounds": [
      "reactor:warning/reactor/reactor_stab_front_top_right_connected"
    ]
  },
  "warning.reactor.reactor_stab_front_top_left_connected": {
    "sounds": [
      "reactor:warning/reactor/reactor_stab_front_top_left_connected"
    ]
  },
  "warning.reactor.reactor_stab_front_bottom_left_connected": {
    "sounds": [
      "reactor:warning/reactor/reactor_stab_front_bottom_left_connected"
    ]
  },
  "warning.reactor.reactor_stab_front_bottom_right_connected": {
    "sounds": [
      "reactor:warning/reactor/reactor_stab_front_bottom_right_connected"
    ]
  },
  "warning.reactor.reactor_stab_back_top_right_connected": {
    "sounds": [
      "reactor:warning/reactor/reactor_stab_back_top_right_connected"
    ]
  },
  "warning.reactor.reactor_stab_back_top_left_connected": {
    "sounds": [
      "reactor:warning/reactor/reactor_stab_back_top_left_connected"
    ]
  },
  "warning.reactor.reactor_stab_back_bottom_left_connected": {
    "sounds": [
      "reactor:warning/reactor/reactor_stab_back_bottom_left_connected"
    ]
  },
  "warning.reactor.reactor_stab_back_bottom_right_connected": {
    "sounds": [
      "reactor:warning/reactor/reactor_stab_back_bottom_right_connected"
    ]
  },
  "warning.reactor.accretion_disk_stab_disconnected": {
    "sounds": [
      "reactor:warning/reactor/accretion_disk_stab_disconnected"
    ]
  },
  "warning.reactor.accretion_disk_stab_connected": {
    "sounds": [
      "reactor:warning/reactor/accretion_disk_stab_connected"
    ]
  },
  "warning.reactor.compresser_bottom_disconnected": {
    "sounds": [
      "reactor:warning/reactor/compresser_bottom_disconnected"
    ]
  },
  "warning.reactor.compresser_bottom_connected": {
    "sounds": [
      "reactor:warning/reactor/compresser_bottom_connected"
    ]
  },
  "warning.reactor.compresser_top_disconnected": {
    "sounds": [
      "reactor:warning/reactor/compresser_top_disconnected"
    ]
  },
  "warning.reactor.compresser_top_connected": {
    "sounds": [
      "reactor:warning/reactor/compresser_top_connected"
    ]
  },
  "warning.reactor.reactor_temp_warn_p3": {
    "sounds": [
      "reactor:warning/reactor/reactor_temp_warn_p3"
    ]
  },
  "startup.rbcm.systems_ingaged_part1": {
    "sounds": [
      "reactor:startup/rbcm/systems_ingaged_part1"
    ]
  },
  "startup.reactor.initializing_reactor_startup_part1": {
    "sounds": [
      "reactor:startup/reactor/initializing_reactor_startup_part1"
    ]
  },
  "startup.reactor.compressers_reconnected": {
    "sounds": [
      "reactor:startup/reactor/compressers_reconnected"
    ]
  },
  "startup.reactor.failed_to_compress": {
    "sounds": [
      "reactor:startup/reactor/failed_to_compress"
    ]
  },
  "startup.reactor.enabling_accretion_stabs_part1": {
    "sounds": [
      "reactor:startup/reactor/enabling_accretion_stabs_part1"
    ]
  },
  "startup.reactor.enabling_reactor_stabs": {
    "sounds": [
      "reactor:startup/reactor/enabling_reactor_stabs"
    ]
  },
  "startup.reactor.enabled_accretion_stabs": {
    "sounds": [
      "reactor:startup/reactor/enabled_accretion_stabs"
    ]
  },
  "startup.reactor.enabled_reactor_stabs": {
    "sounds": [
      "reactor:startup/reactor/enabled_reactor_stabs"
    ]
  },
  "startup.reactor.awaiting_mass": {
    "sounds": [
      "reactor:startup/reactor/awaiting_mass"
    ]
  },
  "startup.reactor.compressing_mass": {
    "sounds": [
      "reactor:startup/reactor/compressing_mass"
    ]
  },
  "startup.reactor.accretion_stabs_rumble": {
    "sounds": [
      "reactor:startup/reactor/accretion_stabs_rumble"
    ]
  },
  "startup.reactor.reactor_stabs_rumble": {
    "sounds": [
      "reactor:startup/reactor/reactor_stabs_rumble"
    ]
  },
  "startup.reactor.reactor_formed_explosion": {
    "sounds": [
      "reactor:startup/reactor/reactor_formed_explosion"
    ]
  },
  "startup.reactor.transfering_mass": {
    "sounds": [
      "reactor:startup/reactor/transfering_mass"
    ]
  },
  "startup.reactor.reactor_formed": {
    "sounds": [
      "reactor:startup/reactor/reactor_formed"
    ]
  },
  "startup.reactor.mass_reached": {
    "sounds": [
      "reactor:startup/reactor/mass_reached"
    ]
  },
  "startup.rbcm.beep_startup_part1": {
    "sounds": [
      "reactor:startup/rbcm/beep_startup_part1"
    ]
  }
}