{
	"credit": "Made with Blockbench",
	"texture_size": [64, 128],
	"textures": {
		"0": "reactor:item/comp_cube"
	},
	"elements": [
		{
			"name": "lid_sub_0",
			"from": [1, 5.5, 6.5],
			"to": [2, 10.5, 9.5],
			"rotation": {"angle": 0, "axis": "y", "origin": [8, 0, 8]},
			"faces": {
				"north": {"uv": [1.5, 11.5, 1.25, 12.125], "texture": "#0"},
				"east": {"uv": [2.25, 11.5, 1.5, 12.125], "texture": "#0"},
				"south": {"uv": [2.5, 11.5, 2.25, 12.125], "texture": "#0"},
				"west": {"uv": [1.25, 11.5, 0.5, 12.125], "texture": "#0"},
				"up": {"uv": [1.25, 11.5, 1.5, 11.125], "texture": "#0"},
				"down": {"uv": [1.5, 11.125, 1.75, 11.5], "texture": "#0"}
			}
		},
		{
			"name": "base_sub_6",
			"from": [6, 1, 13],
			"to": [10, 3, 15],
			"rotation": {"angle": 0, "axis": "y", "origin": [8, 0, 8]},
			"faces": {
				"north": {"uv": [6.5, 10.25, 5.5, 10.5], "texture": "#0"},
				"east": {"uv": [7, 10.25, 6.5, 10.5], "texture": "#0"},
				"south": {"uv": [8, 10.25, 7, 10.5], "texture": "#0"},
				"west": {"uv": [5.5, 10.25, 5, 10.5], "texture": "#0"},
				"up": {"uv": [5.5, 10.25, 6.5, 10], "texture": "#0"},
				"down": {"uv": [6.5, 10, 7.5, 10.25], "texture": "#0"}
			}
		},
		{
			"name": "base_sub_2",
			"from": [1, 1, 6],
			"to": [3, 3, 10],
			"rotation": {"angle": 0, "axis": "y", "origin": [8, 0, 8]},
			"faces": {
				"north": {"uv": [10.75, 10.25, 10.25, 10.5], "texture": "#0"},
				"east": {"uv": [11.75, 10.25, 10.75, 10.5], "texture": "#0"},
				"south": {"uv": [12.25, 10.25, 11.75, 10.5], "texture": "#0"},
				"west": {"uv": [10.25, 10.25, 9.25, 10.5], "texture": "#0"},
				"up": {"uv": [10.25, 10.25, 10.75, 9.75], "texture": "#0"},
				"down": {"uv": [10.75, 9.75, 11.25, 10.25], "texture": "#0"}
			}
		},
		{
			"name": "base_sub_2",
			"from": [1, 13, 6],
			"to": [3, 15, 10],
			"rotation": {"angle": 0, "axis": "y", "origin": [8, 12, 8]},
			"faces": {
				"north": {"uv": [10.75, 10.25, 10.25, 10.5], "texture": "#0"},
				"east": {"uv": [11.75, 10.25, 10.75, 10.5], "texture": "#0"},
				"south": {"uv": [12.25, 10.25, 11.75, 10.5], "texture": "#0"},
				"west": {"uv": [10.25, 10.25, 9.25, 10.5], "texture": "#0"},
				"up": {"uv": [10.25, 10.25, 10.75, 9.75], "texture": "#0"},
				"down": {"uv": [10.75, 9.75, 11.25, 10.25], "texture": "#0"}
			}
		},
		{
			"name": "base_sub_0",
			"from": [1, 6, 1],
			"to": [3, 10, 3],
			"rotation": {"angle": 0, "axis": "y", "origin": [8, 0, 8]},
			"faces": {
				"north": {"uv": [14.5, 10.75, 14, 11.25], "texture": "#0"},
				"east": {"uv": [15, 10.75, 14.5, 11.25], "texture": "#0"},
				"south": {"uv": [15.5, 10.75, 15, 11.25], "texture": "#0"},
				"west": {"uv": [14, 10.75, 13.5, 11.25], "texture": "#0"},
				"up": {"uv": [14, 10.75, 14.5, 10.5], "texture": "#0"},
				"down": {"uv": [14.5, 10.5, 15, 10.75], "texture": "#0"}
			}
		},
		{
			"name": "base_sub_0",
			"from": [1, 6, 13],
			"to": [3, 10, 15],
			"rotation": {"angle": 0, "axis": "y", "origin": [8, 0, 8]},
			"faces": {
				"north": {"uv": [7.25, 8.375, 6.75, 8.875], "texture": "#0"},
				"east": {"uv": [7.75, 8.375, 7.25, 8.875], "texture": "#0"},
				"south": {"uv": [8.25, 8.375, 7.75, 8.875], "texture": "#0"},
				"west": {"uv": [6.75, 8.375, 6.25, 8.875], "texture": "#0"},
				"up": {"uv": [6.75, 8.375, 7.25, 8.125], "texture": "#0"},
				"down": {"uv": [7.25, 8.125, 7.75, 8.375], "texture": "#0"}
			}
		},
		{
			"name": "base_sub_0",
			"from": [0, 0, 12],
			"to": [4, 5, 16],
			"rotation": {"angle": 0, "axis": "y", "origin": [8, 0, 8]},
			"faces": {
				"north": {"uv": [12, 14.375, 11, 15], "texture": "#0"},
				"east": {"uv": [13, 14.375, 12, 15], "texture": "#0"},
				"south": {"uv": [14, 14.375, 13, 15], "texture": "#0"},
				"west": {"uv": [11, 14.375, 10, 15], "texture": "#0"},
				"up": {"uv": [11, 14.375, 12, 13.875], "texture": "#0"},
				"down": {"uv": [12, 13.875, 13, 14.375], "texture": "#0"}
			}
		},
		{
			"name": "base_sub_5",
			"from": [12, 0, 11],
			"to": [16, 4, 12],
			"rotation": {"angle": 0, "axis": "y", "origin": [8, 0, 8]},
			"faces": {
				"north": {"uv": [14.75, 13.75, 13.75, 14.25], "texture": "#0"},
				"east": {"uv": [15, 13.75, 14.75, 14.25], "texture": "#0"},
				"south": {"uv": [16, 13.75, 15, 14.25], "texture": "#0"},
				"west": {"uv": [13.75, 13.75, 13.5, 14.25], "texture": "#0"},
				"up": {"uv": [13.75, 13.75, 14.75, 13.625], "texture": "#0"},
				"down": {"uv": [14.75, 13.625, 15.75, 13.75], "texture": "#0"}
			}
		},
		{
			"name": "base_sub_0",
			"from": [11, 0, 12],
			"to": [12, 4, 16],
			"rotation": {"angle": 0, "axis": "y", "origin": [8, 0, 8]},
			"faces": {
				"north": {"uv": [1.5, 14.25, 1.25, 14.75], "texture": "#0"},
				"east": {"uv": [2.5, 14.25, 1.5, 14.75], "texture": "#0"},
				"south": {"uv": [2.75, 14.25, 2.5, 14.75], "texture": "#0"},
				"west": {"uv": [1.25, 14.25, 0.25, 14.75], "texture": "#0"},
				"up": {"uv": [1.25, 14.25, 1.5, 13.75], "texture": "#0"},
				"down": {"uv": [1.5, 13.75, 1.75, 14.25], "texture": "#0"}
			}
		},
		{
			"name": "base_sub_0",
			"from": [12, 0, 12],
			"to": [16, 5, 16],
			"rotation": {"angle": 0, "axis": "y", "origin": [8, 0, 8]},
			"faces": {
				"north": {"uv": [12, 14.375, 11, 15], "texture": "#0"},
				"east": {"uv": [13, 14.375, 12, 15], "texture": "#0"},
				"south": {"uv": [14, 14.375, 13, 15], "texture": "#0"},
				"west": {"uv": [11, 14.375, 10, 15], "texture": "#0"},
				"up": {"uv": [11, 14.375, 12, 13.875], "texture": "#0"},
				"down": {"uv": [12, 13.875, 13, 14.375], "texture": "#0"}
			}
		},
		{
			"name": "base_sub_5",
			"from": [0, 0, 4],
			"to": [4, 4, 5],
			"rotation": {"angle": 0, "axis": "y", "origin": [8, 0, 8]},
			"faces": {
				"north": {"uv": [14.75, 12.875, 13.75, 13.375], "texture": "#0"},
				"east": {"uv": [15, 12.875, 14.75, 13.375], "texture": "#0"},
				"south": {"uv": [16, 12.875, 15, 13.375], "texture": "#0"},
				"west": {"uv": [13.75, 12.875, 13.5, 13.375], "texture": "#0"},
				"up": {"uv": [13.75, 12.875, 14.75, 12.75], "texture": "#0"},
				"down": {"uv": [14.75, 12.75, 15.75, 12.875], "texture": "#0"}
			}
		},
		{
			"name": "base_sub_0",
			"from": [4, 0, 0],
			"to": [5, 4, 4],
			"rotation": {"angle": 0, "axis": "y", "origin": [8, 0, 8]},
			"faces": {
				"north": {"uv": [1.5, 14.25, 1.25, 14.75], "texture": "#0"},
				"east": {"uv": [2.5, 14.25, 1.5, 14.75], "texture": "#0"},
				"south": {"uv": [2.75, 14.25, 2.5, 14.75], "texture": "#0"},
				"west": {"uv": [1.25, 14.25, 0.25, 14.75], "texture": "#0"},
				"up": {"uv": [1.25, 14.25, 1.5, 13.75], "texture": "#0"},
				"down": {"uv": [1.5, 13.75, 1.75, 14.25], "texture": "#0"}
			}
		},
		{
			"name": "base_sub_0",
			"from": [0, 0, 0],
			"to": [4, 5, 4],
			"rotation": {"angle": 0, "axis": "y", "origin": [8, 0, 8]},
			"faces": {
				"north": {"uv": [12, 14.375, 11, 15], "texture": "#0"},
				"east": {"uv": [13, 14.375, 12, 15], "texture": "#0"},
				"south": {"uv": [14, 14.375, 13, 15], "texture": "#0"},
				"west": {"uv": [11, 14.375, 10, 15], "texture": "#0"},
				"up": {"uv": [11, 14.375, 12, 13.875], "texture": "#0"},
				"down": {"uv": [12, 13.875, 13, 14.375], "texture": "#0"}
			}
		},
		{
			"name": "base_sub_5",
			"from": [11, 0, 0],
			"to": [12, 4, 4],
			"rotation": {"angle": 0, "axis": "y", "origin": [8, 0, 8]},
			"faces": {
				"north": {"uv": [1.5, 14.25, 1.25, 14.75], "texture": "#0"},
				"east": {"uv": [2.5, 14.25, 1.5, 14.75], "texture": "#0"},
				"south": {"uv": [2.75, 14.25, 2.5, 14.75], "texture": "#0"},
				"west": {"uv": [1.25, 14.25, 0.25, 14.75], "texture": "#0"},
				"up": {"uv": [1.25, 14.25, 1.5, 13.75], "texture": "#0"},
				"down": {"uv": [1.5, 13.75, 1.75, 14.25], "texture": "#0"}
			}
		},
		{
			"name": "base_sub_0",
			"from": [12, 0, 4],
			"to": [16, 4, 5],
			"rotation": {"angle": 0, "axis": "y", "origin": [8, 0, 8]},
			"faces": {
				"north": {"uv": [14.75, 12.875, 13.75, 13.375], "texture": "#0"},
				"east": {"uv": [15, 12.875, 14.75, 13.375], "texture": "#0"},
				"south": {"uv": [16, 12.875, 15, 13.375], "texture": "#0"},
				"west": {"uv": [13.75, 12.875, 13.5, 13.375], "texture": "#0"},
				"up": {"uv": [13.75, 12.875, 14.75, 12.75], "texture": "#0"},
				"down": {"uv": [14.75, 12.75, 15.75, 12.875], "texture": "#0"}
			}
		},
		{
			"name": "base_sub_0",
			"from": [12, 0, 0],
			"to": [16, 5, 4],
			"rotation": {"angle": 0, "axis": "y", "origin": [8, 0, 8]},
			"faces": {
				"north": {"uv": [12, 14.375, 11, 15], "texture": "#0"},
				"east": {"uv": [13, 14.375, 12, 15], "texture": "#0"},
				"south": {"uv": [14, 14.375, 13, 15], "texture": "#0"},
				"west": {"uv": [11, 14.375, 10, 15], "texture": "#0"},
				"up": {"uv": [11, 14.375, 12, 13.875], "texture": "#0"},
				"down": {"uv": [12, 13.875, 13, 14.375], "texture": "#0"}
			}
		},
		{
			"name": "base_sub_0",
			"from": [0, 0, 11],
			"to": [4, 4, 12],
			"rotation": {"angle": 0, "axis": "y", "origin": [8, 0, 8]},
			"faces": {
				"north": {"uv": [14.75, 12.875, 13.75, 13.375], "texture": "#0"},
				"east": {"uv": [15, 12.875, 14.75, 13.375], "texture": "#0"},
				"south": {"uv": [16, 12.875, 15, 13.375], "texture": "#0"},
				"west": {"uv": [13.75, 12.875, 13.5, 13.375], "texture": "#0"},
				"up": {"uv": [13.75, 12.875, 14.75, 12.75], "texture": "#0"},
				"down": {"uv": [14.75, 12.75, 15.75, 12.875], "texture": "#0"}
			}
		},
		{
			"name": "base_sub_5",
			"from": [4, 0, 12],
			"to": [5, 4, 16],
			"rotation": {"angle": 0, "axis": "y", "origin": [8, 0, 8]},
			"faces": {
				"north": {"uv": [1.5, 14.25, 1.25, 14.75], "texture": "#0"},
				"east": {"uv": [2.5, 14.25, 1.5, 14.75], "texture": "#0"},
				"south": {"uv": [2.75, 14.25, 2.5, 14.75], "texture": "#0"},
				"west": {"uv": [1.25, 14.25, 0.25, 14.75], "texture": "#0"},
				"up": {"uv": [1.25, 14.25, 1.5, 13.75], "texture": "#0"},
				"down": {"uv": [1.5, 13.75, 1.75, 14.25], "texture": "#0"}
			}
		},
		{
			"from": [5.5, 6.5, 1],
			"to": [6.5, 9.5, 2],
			"rotation": {"angle": 0, "axis": "y", "origin": [8, 0, 8]},
			"faces": {
				"north": {"uv": [0.25, 8.875, 0.5, 9.25], "texture": "#0"},
				"east": {"uv": [0, 8.875, 0.25, 9.25], "texture": "#0"},
				"south": {"uv": [0.75, 8.875, 1, 9.25], "texture": "#0"},
				"west": {"uv": [0.5, 8.875, 0.75, 9.25], "texture": "#0"},
				"up": {"uv": [0.5, 8.875, 0.25, 8.75], "texture": "#0"},
				"down": {"uv": [0.75, 8.75, 0.5, 8.875], "texture": "#0"}
			}
		},
		{
			"from": [9.5, 6.5, 1],
			"to": [10.5, 9.5, 2],
			"rotation": {"angle": 0, "axis": "y", "origin": [8, 0, 8]},
			"faces": {
				"north": {"uv": [9.25, 9.75, 9.5, 10.125], "texture": "#0"},
				"east": {"uv": [9, 9.75, 9.25, 10.125], "texture": "#0"},
				"south": {"uv": [9.75, 9.75, 10, 10.125], "texture": "#0"},
				"west": {"uv": [9.5, 9.75, 9.75, 10.125], "texture": "#0"},
				"up": {"uv": [9.5, 9.75, 9.25, 9.625], "texture": "#0"},
				"down": {"uv": [9.75, 9.625, 9.5, 9.75], "texture": "#0"}
			}
		},
		{
			"from": [1, 6.5, 9.5],
			"to": [2, 9.5, 10.5],
			"rotation": {"angle": 0, "axis": "y", "origin": [8, 0, 8]},
			"faces": {
				"north": {"uv": [0.25, 8.875, 0.5, 9.25], "texture": "#0"},
				"east": {"uv": [0, 8.875, 0.25, 9.25], "texture": "#0"},
				"south": {"uv": [0.75, 8.875, 1, 9.25], "texture": "#0"},
				"west": {"uv": [0.5, 8.875, 0.75, 9.25], "texture": "#0"},
				"up": {"uv": [0.5, 8.875, 0.25, 8.75], "texture": "#0"},
				"down": {"uv": [0.75, 8.75, 0.5, 8.875], "texture": "#0"}
			}
		},
		{
			"from": [1, 6.5, 5.5],
			"to": [2, 9.5, 6.5],
			"rotation": {"angle": 0, "axis": "y", "origin": [8, 0, 8]},
			"faces": {
				"north": {"uv": [9.25, 9.75, 9.5, 10.125], "texture": "#0"},
				"east": {"uv": [9, 9.75, 9.25, 10.125], "texture": "#0"},
				"south": {"uv": [9.75, 9.75, 10, 10.125], "texture": "#0"},
				"west": {"uv": [9.5, 9.75, 9.75, 10.125], "texture": "#0"},
				"up": {"uv": [9.5, 9.75, 9.25, 9.625], "texture": "#0"},
				"down": {"uv": [9.75, 9.625, 9.5, 9.75], "texture": "#0"}
			}
		},
		{
			"from": [5.5, 6.5, 14],
			"to": [6.5, 9.5, 15],
			"rotation": {"angle": 0, "axis": "y", "origin": [8, 0, 8]},
			"faces": {
				"north": {"uv": [0.25, 8.875, 0.5, 9.25], "texture": "#0"},
				"east": {"uv": [0, 8.875, 0.25, 9.25], "texture": "#0"},
				"south": {"uv": [0.75, 8.875, 1, 9.25], "texture": "#0"},
				"west": {"uv": [0.5, 8.875, 0.75, 9.25], "texture": "#0"},
				"up": {"uv": [0.5, 8.875, 0.25, 8.75], "texture": "#0"},
				"down": {"uv": [0.75, 8.75, 0.5, 8.875], "texture": "#0"}
			}
		},
		{
			"from": [9.5, 6.5, 14],
			"to": [10.5, 9.5, 15],
			"rotation": {"angle": 0, "axis": "y", "origin": [8, 0, 8]},
			"faces": {
				"north": {"uv": [9.25, 9.75, 9.5, 10.125], "texture": "#0"},
				"east": {"uv": [9, 9.75, 9.25, 10.125], "texture": "#0"},
				"south": {"uv": [9.75, 9.75, 10, 10.125], "texture": "#0"},
				"west": {"uv": [9.5, 9.75, 9.75, 10.125], "texture": "#0"},
				"up": {"uv": [9.5, 9.75, 9.25, 9.625], "texture": "#0"},
				"down": {"uv": [9.75, 9.625, 9.5, 9.75], "texture": "#0"}
			}
		},
		{
			"from": [5.5, 14, 6.5],
			"to": [10.5, 15, 9.5],
			"rotation": {"angle": 0, "axis": "y", "origin": [8, 0, 8]},
			"faces": {
				"north": {"uv": [5.25, 9.625, 6.5, 9.75], "texture": "#0"},
				"east": {"uv": [4.5, 9.625, 5.25, 9.75], "texture": "#0"},
				"south": {"uv": [7.25, 9.625, 8.5, 9.75], "texture": "#0"},
				"west": {"uv": [6.5, 9.625, 7.25, 9.75], "texture": "#0"},
				"up": {"uv": [6.5, 9.625, 5.25, 9.25], "texture": "#0"},
				"down": {"uv": [7.75, 9.25, 6.5, 9.625], "texture": "#0"}
			}
		},
		{
			"from": [6.5, 14, 5.5],
			"to": [9.5, 15, 6.5],
			"rotation": {"angle": 0, "axis": "y", "origin": [8, 0, 8]},
			"faces": {
				"north": {"uv": [14.25, 9.375, 15, 9.5], "texture": "#0"},
				"east": {"uv": [14, 9.375, 14.25, 9.5], "texture": "#0"},
				"south": {"uv": [15.25, 9.375, 16, 9.5], "texture": "#0"},
				"west": {"uv": [15, 9.375, 15.25, 9.5], "texture": "#0"},
				"up": {"uv": [15, 9.375, 14.25, 9.25], "texture": "#0"},
				"down": {"uv": [15.75, 9.25, 15, 9.375], "texture": "#0"}
			}
		},
		{
			"from": [6.5, 14, 9.5],
			"to": [9.5, 15, 10.5],
			"rotation": {"angle": 0, "axis": "y", "origin": [8, 0, 8]},
			"faces": {
				"north": {"uv": [0.25, 9.75, 1, 9.875], "texture": "#0"},
				"east": {"uv": [0, 9.75, 0.25, 9.875], "texture": "#0"},
				"south": {"uv": [1.25, 9.75, 2, 9.875], "texture": "#0"},
				"west": {"uv": [1, 9.75, 1.25, 9.875], "texture": "#0"},
				"up": {"uv": [1, 9.75, 0.25, 9.625], "texture": "#0"},
				"down": {"uv": [1.75, 9.625, 1, 9.75], "texture": "#0"}
			}
		},
		{
			"from": [6.5, 5.5, 14],
			"to": [9.5, 10.5, 15],
			"rotation": {"angle": 0, "axis": "y", "origin": [8, 0, 8]},
			"faces": {
				"north": {"uv": [0.5, 8, 1.25, 8.625], "texture": "#0"},
				"east": {"uv": [0.25, 8, 0.5, 8.625], "texture": "#0"},
				"south": {"uv": [1.5, 8, 2.25, 8.625], "texture": "#0"},
				"west": {"uv": [1.25, 8, 1.5, 8.625], "texture": "#0"},
				"up": {"uv": [1.25, 8, 0.5, 7.875], "texture": "#0"},
				"down": {"uv": [2, 7.875, 1.25, 8], "texture": "#0"}
			}
		},
		{
			"from": [14, 5.5, 6.5],
			"to": [15, 10.5, 9.5],
			"rotation": {"angle": 0, "axis": "y", "origin": [8, 0, 8]},
			"faces": {
				"north": {"uv": [1.25, 11.5, 1.5, 12.125], "texture": "#0"},
				"east": {"uv": [0.5, 11.5, 1.25, 12.125], "texture": "#0"},
				"south": {"uv": [2.25, 11.5, 2.5, 12.125], "texture": "#0"},
				"west": {"uv": [1.5, 11.5, 2.25, 12.125], "texture": "#0"},
				"up": {"uv": [1.5, 11.5, 1.25, 11.125], "texture": "#0"},
				"down": {"uv": [1.75, 11.125, 1.5, 11.5], "texture": "#0"}
			}
		},
		{
			"from": [6.5, 5.5, 1],
			"to": [9.5, 10.5, 2],
			"rotation": {"angle": 0, "axis": "y", "origin": [8, 0, 8]},
			"faces": {
				"north": {"uv": [2.75, 8, 3.5, 8.625], "texture": "#0"},
				"east": {"uv": [2.5, 8, 2.75, 8.625], "texture": "#0"},
				"south": {"uv": [3.75, 8, 4.5, 8.625], "texture": "#0"},
				"west": {"uv": [3.5, 8, 3.75, 8.625], "texture": "#0"},
				"up": {"uv": [3.5, 8, 2.75, 7.875], "texture": "#0"},
				"down": {"uv": [4.25, 7.875, 3.5, 8], "texture": "#0"}
			}
		},
		{
			"from": [14, 6.5, 5.5],
			"to": [15, 9.5, 6.5],
			"rotation": {"angle": 0, "axis": "y", "origin": [8, 0, 8]},
			"faces": {
				"north": {"uv": [2.25, 11, 2.5, 11.375], "texture": "#0"},
				"east": {"uv": [2, 11, 2.25, 11.375], "texture": "#0"},
				"south": {"uv": [2.75, 11, 3, 11.375], "texture": "#0"},
				"west": {"uv": [2.5, 11, 2.75, 11.375], "texture": "#0"},
				"up": {"uv": [2.5, 11, 2.25, 10.875], "texture": "#0"},
				"down": {"uv": [2.75, 10.875, 2.5, 11], "texture": "#0"}
			}
		},
		{
			"from": [14, 6.5, 9.5],
			"to": [15, 9.5, 10.5],
			"rotation": {"angle": 0, "axis": "y", "origin": [8, 0, 8]},
			"faces": {
				"north": {"uv": [0.25, 11, 0.5, 11.375], "texture": "#0"},
				"east": {"uv": [0, 11, 0.25, 11.375], "texture": "#0"},
				"south": {"uv": [0.75, 11, 1, 11.375], "texture": "#0"},
				"west": {"uv": [0.5, 11, 0.75, 11.375], "texture": "#0"},
				"up": {"uv": [0.5, 11, 0.25, 10.875], "texture": "#0"},
				"down": {"uv": [0.75, 10.875, 0.5, 11], "texture": "#0"}
			}
		},
		{
			"from": [6, 13, 1],
			"to": [10, 15, 3],
			"rotation": {"angle": 0, "axis": "y", "origin": [8, 0, 8]},
			"faces": {
				"north": {"uv": [5.5, 10.25, 6.5, 10.5], "texture": "#0"},
				"east": {"uv": [5, 10.25, 5.5, 10.5], "texture": "#0"},
				"south": {"uv": [7, 10.25, 8, 10.5], "texture": "#0"},
				"west": {"uv": [6.5, 10.25, 7, 10.5], "texture": "#0"},
				"up": {"uv": [6.5, 10.25, 5.5, 10], "texture": "#0"},
				"down": {"uv": [7.5, 10, 6.5, 10.25], "texture": "#0"}
			}
		},
		{
			"from": [6, 13, 13],
			"to": [10, 15, 15],
			"rotation": {"angle": 0, "axis": "y", "origin": [8, 0, 20]},
			"faces": {
				"north": {"uv": [5.5, 10.25, 6.5, 10.5], "texture": "#0"},
				"east": {"uv": [5, 10.25, 5.5, 10.5], "texture": "#0"},
				"south": {"uv": [7, 10.25, 8, 10.5], "texture": "#0"},
				"west": {"uv": [6.5, 10.25, 7, 10.5], "texture": "#0"},
				"up": {"uv": [6.5, 10.25, 5.5, 10], "texture": "#0"},
				"down": {"uv": [7.5, 10, 6.5, 10.25], "texture": "#0"}
			}
		},
		{
			"from": [6, 1, 1],
			"to": [10, 3, 3],
			"rotation": {"angle": 0, "axis": "y", "origin": [8, -12, 8]},
			"faces": {
				"north": {"uv": [5.5, 10.25, 6.5, 10.5], "texture": "#0"},
				"east": {"uv": [5, 10.25, 5.5, 10.5], "texture": "#0"},
				"south": {"uv": [7, 10.25, 8, 10.5], "texture": "#0"},
				"west": {"uv": [6.5, 10.25, 7, 10.5], "texture": "#0"},
				"up": {"uv": [6.5, 10.25, 5.5, 10], "texture": "#0"},
				"down": {"uv": [7.5, 10, 6.5, 10.25], "texture": "#0"}
			}
		},
		{
			"from": [13, 13, 6],
			"to": [15, 15, 10],
			"rotation": {"angle": 0, "axis": "y", "origin": [8, 0, 8]},
			"faces": {
				"north": {"uv": [10.25, 10.25, 10.75, 10.5], "texture": "#0"},
				"east": {"uv": [9.25, 10.25, 10.25, 10.5], "texture": "#0"},
				"south": {"uv": [11.75, 10.25, 12.25, 10.5], "texture": "#0"},
				"west": {"uv": [10.75, 10.25, 11.75, 10.5], "texture": "#0"},
				"up": {"uv": [10.75, 10.25, 10.25, 9.75], "texture": "#0"},
				"down": {"uv": [11.25, 9.75, 10.75, 10.25], "texture": "#0"}
			}
		},
		{
			"from": [13, 1, 6],
			"to": [15, 3, 10],
			"rotation": {"angle": 0, "axis": "y", "origin": [8, -12, 8]},
			"faces": {
				"north": {"uv": [10.25, 10.25, 10.75, 10.5], "texture": "#0"},
				"east": {"uv": [9.25, 10.25, 10.25, 10.5], "texture": "#0"},
				"south": {"uv": [11.75, 10.25, 12.25, 10.5], "texture": "#0"},
				"west": {"uv": [10.75, 10.25, 11.75, 10.5], "texture": "#0"},
				"up": {"uv": [10.75, 10.25, 10.25, 9.75], "texture": "#0"},
				"down": {"uv": [11.25, 9.75, 10.75, 10.25], "texture": "#0"}
			}
		},
		{
			"from": [12, 11, 0],
			"to": [16, 16, 4],
			"rotation": {"angle": 0, "axis": "y", "origin": [8, 0, 8]},
			"faces": {
				"north": {"uv": [10.5, 8.5, 11.5, 9.125], "texture": "#0"},
				"east": {"uv": [9.5, 8.5, 10.5, 9.125], "texture": "#0"},
				"south": {"uv": [12.5, 8.5, 13.5, 9.125], "texture": "#0"},
				"west": {"uv": [11.5, 8.5, 12.5, 9.125], "texture": "#0"},
				"up": {"uv": [11.5, 8.5, 10.5, 8], "texture": "#0"},
				"down": {"uv": [12.5, 8, 11.5, 8.5], "texture": "#0"}
			}
		},
		{
			"from": [1.5, 8.5, 1.5],
			"to": [14.5, 14.5, 14.5],
			"rotation": {"angle": 0, "axis": "y", "origin": [8, 0, 8]},
			"faces": {
				"north": {"uv": [3.25, 12.375, 6.5, 13.125], "texture": "#0"},
				"east": {"uv": [0, 12.375, 3.25, 13.125], "texture": "#0"},
				"south": {"uv": [9.75, 12.375, 13, 13.125], "texture": "#0"},
				"west": {"uv": [6.5, 12.375, 9.75, 13.125], "texture": "#0"},
				"up": {"uv": [6.5, 12.375, 3.25, 10.75], "texture": "#0"},
				"down": {"uv": [9.75, 10.75, 6.5, 12.375], "texture": "#0"}
			}
		},
		{
			"from": [12, 12, 4],
			"to": [16, 16, 5],
			"rotation": {"angle": 0, "axis": "y", "origin": [8, 0, 8]},
			"faces": {
				"north": {"uv": [13.75, 13.75, 14.75, 14.25], "texture": "#0"},
				"east": {"uv": [13.5, 13.75, 13.75, 14.25], "texture": "#0"},
				"south": {"uv": [15, 13.75, 16, 14.25], "texture": "#0"},
				"west": {"uv": [14.75, 13.75, 15, 14.25], "texture": "#0"},
				"up": {"uv": [14.75, 13.75, 13.75, 13.625], "texture": "#0"},
				"down": {"uv": [15.75, 13.625, 14.75, 13.75], "texture": "#0"}
			}
		},
		{
			"from": [11, 12, 0],
			"to": [12, 16, 4],
			"rotation": {"angle": 0, "axis": "y", "origin": [8, 0, 8]},
			"faces": {
				"north": {"uv": [2.75, 10, 3, 10.5], "texture": "#0"},
				"east": {"uv": [1.75, 10, 2.75, 10.5], "texture": "#0"},
				"south": {"uv": [4, 10, 4.25, 10.5], "texture": "#0"},
				"west": {"uv": [3, 10, 4, 10.5], "texture": "#0"},
				"up": {"uv": [3, 10, 2.75, 9.5], "texture": "#0"},
				"down": {"uv": [3.25, 9.5, 3, 10], "texture": "#0"}
			}
		},
		{
			"from": [11, 12, 12],
			"to": [12, 16, 16],
			"rotation": {"angle": 0, "axis": "y", "origin": [8, 0, 8]},
			"faces": {
				"north": {"uv": [1.25, 14.25, 1.5, 14.75], "texture": "#0"},
				"east": {"uv": [0.25, 14.25, 1.25, 14.75], "texture": "#0"},
				"south": {"uv": [2.5, 14.25, 2.75, 14.75], "texture": "#0"},
				"west": {"uv": [1.5, 14.25, 2.5, 14.75], "texture": "#0"},
				"up": {"uv": [1.5, 14.25, 1.25, 13.75], "texture": "#0"},
				"down": {"uv": [1.75, 13.75, 1.5, 14.25], "texture": "#0"}
			}
		},
		{
			"from": [12, 11, 12],
			"to": [16, 16, 16],
			"rotation": {"angle": 0, "axis": "y", "origin": [8, 0, 8]},
			"faces": {
				"north": {"uv": [10.5, 8.5, 11.5, 9.125], "texture": "#0"},
				"east": {"uv": [9.5, 8.5, 10.5, 9.125], "texture": "#0"},
				"south": {"uv": [12.5, 8.5, 13.5, 9.125], "texture": "#0"},
				"west": {"uv": [11.5, 8.5, 12.5, 9.125], "texture": "#0"},
				"up": {"uv": [11.5, 8.5, 10.5, 8], "texture": "#0"},
				"down": {"uv": [12.5, 8, 11.5, 8.5], "texture": "#0"}
			}
		},
		{
			"from": [12, 12, 11],
			"to": [16, 16, 12],
			"rotation": {"angle": 0, "axis": "y", "origin": [8, 0, 8]},
			"faces": {
				"north": {"uv": [13.75, 13.75, 14.75, 14.25], "texture": "#0"},
				"east": {"uv": [13.5, 13.75, 13.75, 14.25], "texture": "#0"},
				"south": {"uv": [15, 13.75, 16, 14.25], "texture": "#0"},
				"west": {"uv": [14.75, 13.75, 15, 14.25], "texture": "#0"},
				"up": {"uv": [14.75, 13.75, 13.75, 13.625], "texture": "#0"},
				"down": {"uv": [15.75, 13.625, 14.75, 13.75], "texture": "#0"}
			}
		},
		{
			"from": [0, 12, 11],
			"to": [4, 16, 12],
			"rotation": {"angle": 0, "axis": "y", "origin": [8, 0, 8]},
			"faces": {
				"north": {"uv": [13.75, 13.75, 14.75, 14.25], "texture": "#0"},
				"east": {"uv": [13.5, 13.75, 13.75, 14.25], "texture": "#0"},
				"south": {"uv": [15, 13.75, 16, 14.25], "texture": "#0"},
				"west": {"uv": [14.75, 13.75, 15, 14.25], "texture": "#0"},
				"up": {"uv": [14.75, 13.75, 13.75, 13.625], "texture": "#0"},
				"down": {"uv": [15.75, 13.625, 14.75, 13.75], "texture": "#0"}
			}
		},
		{
			"from": [0, 11, 12],
			"to": [4, 16, 16],
			"rotation": {"angle": 0, "axis": "y", "origin": [8, 0, 8]},
			"faces": {
				"north": {"uv": [10.5, 8.5, 11.5, 9.125], "texture": "#0"},
				"east": {"uv": [9.5, 8.5, 10.5, 9.125], "texture": "#0"},
				"south": {"uv": [12.5, 8.5, 13.5, 9.125], "texture": "#0"},
				"west": {"uv": [11.5, 8.5, 12.5, 9.125], "texture": "#0"},
				"up": {"uv": [11.5, 8.5, 10.5, 8], "texture": "#0"},
				"down": {"uv": [12.5, 8, 11.5, 8.5], "texture": "#0"}
			}
		},
		{
			"from": [4, 12, 12],
			"to": [5, 16, 16],
			"rotation": {"angle": 0, "axis": "y", "origin": [8, 0, 8]},
			"faces": {
				"north": {"uv": [2.75, 10, 3, 10.5], "texture": "#0"},
				"east": {"uv": [1.75, 10, 2.75, 10.5], "texture": "#0"},
				"south": {"uv": [4, 10, 4.25, 10.5], "texture": "#0"},
				"west": {"uv": [3, 10, 4, 10.5], "texture": "#0"},
				"up": {"uv": [3, 10, 2.75, 9.5], "texture": "#0"},
				"down": {"uv": [3.25, 9.5, 3, 10], "texture": "#0"}
			}
		},
		{
			"from": [4, 12, 0],
			"to": [5, 16, 4],
			"rotation": {"angle": 0, "axis": "y", "origin": [8, 0, 8]},
			"faces": {
				"north": {"uv": [1.25, 14.25, 1.5, 14.75], "texture": "#0"},
				"east": {"uv": [0.25, 14.25, 1.25, 14.75], "texture": "#0"},
				"south": {"uv": [2.5, 14.25, 2.75, 14.75], "texture": "#0"},
				"west": {"uv": [1.5, 14.25, 2.5, 14.75], "texture": "#0"},
				"up": {"uv": [1.5, 14.25, 1.25, 13.75], "texture": "#0"},
				"down": {"uv": [1.75, 13.75, 1.5, 14.25], "texture": "#0"}
			}
		},
		{
			"from": [0, 11, 0],
			"to": [4, 16, 4],
			"rotation": {"angle": 0, "axis": "y", "origin": [8, 0, 8]},
			"faces": {
				"north": {"uv": [10.5, 8.5, 11.5, 9.125], "texture": "#0"},
				"east": {"uv": [9.5, 8.5, 10.5, 9.125], "texture": "#0"},
				"south": {"uv": [12.5, 8.5, 13.5, 9.125], "texture": "#0"},
				"west": {"uv": [11.5, 8.5, 12.5, 9.125], "texture": "#0"},
				"up": {"uv": [11.5, 8.5, 10.5, 8], "texture": "#0"},
				"down": {"uv": [12.5, 8, 11.5, 8.5], "texture": "#0"}
			}
		},
		{
			"from": [0, 12, 4],
			"to": [4, 16, 5],
			"rotation": {"angle": 0, "axis": "y", "origin": [8, 0, 8]},
			"faces": {
				"north": {"uv": [13.75, 13.75, 14.75, 14.25], "texture": "#0"},
				"east": {"uv": [13.5, 13.75, 13.75, 14.25], "texture": "#0"},
				"south": {"uv": [15, 13.75, 16, 14.25], "texture": "#0"},
				"west": {"uv": [14.75, 13.75, 15, 14.25], "texture": "#0"},
				"up": {"uv": [14.75, 13.75, 13.75, 13.625], "texture": "#0"},
				"down": {"uv": [15.75, 13.625, 14.75, 13.75], "texture": "#0"}
			}
		},
		{
			"from": [1.5, 1.5, 1.5],
			"to": [14.5, 8.5, 14.5],
			"rotation": {"angle": 0, "axis": "y", "origin": [8, 0, 8]},
			"faces": {
				"north": {"uv": [3.25, 15.125, 6.5, 16], "texture": "#0"},
				"east": {"uv": [0, 15.125, 3.25, 16], "texture": "#0"},
				"south": {"uv": [9.75, 15.125, 13, 16], "texture": "#0"},
				"west": {"uv": [6.5, 15.125, 9.75, 16], "texture": "#0"},
				"up": {"uv": [6.5, 15.125, 3.25, 13.5], "texture": "#0"},
				"down": {"uv": [9.75, 13.5, 6.5, 15.125], "texture": "#0"}
			}
		},
		{
			"from": [6.5, 1, 5.5],
			"to": [9.5, 2, 6.5],
			"rotation": {"angle": 0, "axis": "y", "origin": [8, 0, 8]},
			"faces": {
				"north": {"uv": [14.25, 9.375, 15, 9.5], "texture": "#0"},
				"east": {"uv": [14, 9.375, 14.25, 9.5], "texture": "#0"},
				"south": {"uv": [15.25, 9.375, 16, 9.5], "texture": "#0"},
				"west": {"uv": [15, 9.375, 15.25, 9.5], "texture": "#0"},
				"up": {"uv": [15, 9.375, 14.25, 9.25], "texture": "#0"},
				"down": {"uv": [15.75, 9.25, 15, 9.375], "texture": "#0"}
			}
		},
		{
			"from": [5.5, 1, 6.5],
			"to": [10.5, 2, 9.5],
			"rotation": {"angle": 0, "axis": "y", "origin": [8, 0, 8]},
			"faces": {
				"north": {"uv": [5.25, 9.625, 6.5, 9.75], "texture": "#0"},
				"east": {"uv": [4.5, 9.625, 5.25, 9.75], "texture": "#0"},
				"south": {"uv": [7.25, 9.625, 8.5, 9.75], "texture": "#0"},
				"west": {"uv": [6.5, 9.625, 7.25, 9.75], "texture": "#0"},
				"up": {"uv": [6.5, 9.625, 5.25, 9.25], "texture": "#0"},
				"down": {"uv": [7.75, 9.25, 6.5, 9.625], "texture": "#0"}
			}
		},
		{
			"from": [6.5, 1, 9.5],
			"to": [9.5, 2, 10.5],
			"rotation": {"angle": 0, "axis": "y", "origin": [8, 0, 8]},
			"faces": {
				"north": {"uv": [0.25, 9.75, 1, 9.875], "texture": "#0"},
				"east": {"uv": [0, 9.75, 0.25, 9.875], "texture": "#0"},
				"south": {"uv": [1.25, 9.75, 2, 9.875], "texture": "#0"},
				"west": {"uv": [1, 9.75, 1.25, 9.875], "texture": "#0"},
				"up": {"uv": [1, 9.75, 0.25, 9.625], "texture": "#0"},
				"down": {"uv": [1.75, 9.625, 1, 9.75], "texture": "#0"}
			}
		},
		{
			"from": [13, 6, 1],
			"to": [15, 10, 3],
			"rotation": {"angle": 0, "axis": "y", "origin": [8, 0, 8]},
			"faces": {
				"north": {"uv": [14, 10.75, 14.5, 11.25], "texture": "#0"},
				"east": {"uv": [13.5, 10.75, 14, 11.25], "texture": "#0"},
				"south": {"uv": [15, 10.75, 15.5, 11.25], "texture": "#0"},
				"west": {"uv": [14.5, 10.75, 15, 11.25], "texture": "#0"},
				"up": {"uv": [14.5, 10.75, 14, 10.5], "texture": "#0"},
				"down": {"uv": [15, 10.5, 14.5, 10.75], "texture": "#0"}
			}
		},
		{
			"from": [13.02685, 6, 13.31581],
			"to": [15.02685, 10, 15.31581],
			"rotation": {"angle": 0, "axis": "y", "origin": [8, 0, 8]},
			"faces": {
				"north": {"uv": [6.75, 8.375, 7.25, 8.875], "texture": "#0"},
				"east": {"uv": [6.25, 8.375, 6.75, 8.875], "texture": "#0"},
				"south": {"uv": [7.75, 8.375, 8.25, 8.875], "texture": "#0"},
				"west": {"uv": [7.25, 8.375, 7.75, 8.875], "texture": "#0"},
				"up": {"uv": [7.25, 8.375, 6.75, 8.125], "texture": "#0"},
				"down": {"uv": [7.75, 8.125, 7.25, 8.375], "texture": "#0"}
			}
		}
	],
	"display": {
		"thirdperson_righthand": {
			"rotation": [75, 45, 0],
			"translation": [0, 2.5, 0],
			"scale": [0.375, 0.375, 0.375]
		},
		"thirdperson_lefthand": {
			"rotation": [75, 45, 0],
			"translation": [0, 2.5, 0],
			"scale": [0.375, 0.375, 0.375]
		},
		"firstperson_righthand": {
			"rotation": [0, 45, 0],
			"scale": [0.4, 0.4, 0.4]
		},
		"firstperson_lefthand": {
			"rotation": [0, 225, 0],
			"scale": [0.4, 0.4, 0.4]
		},
		"ground": {
			"translation": [0, 3, 0],
			"scale": [0.25, 0.25, 0.25]
		},
		"gui": {
			"rotation": [30, 225, 0],
			"scale": [0.625, 0.625, 0.625]
		},
		"head": {
			"rotation": [0, 180, 0]
		},
		"fixed": {
			"scale": [0.5, 0.5, 0.5]
		}
	},
	"groups": [
		{
			"name": "lid",
			"origin": [8, 0, 8],
			"color": 0,
			"nbt": "{}",
			"children": []
		},
		{
			"name": "lid3",
			"origin": [11.5, 14, 14],
			"color": 0,
			"nbt": "{}",
			"children": []
		},
		{
			"name": "bone2",
			"origin": [8, 0, 8],
			"color": 0,
			"nbt": "{}",
			"children": []
		},
		{
			"name": "lid_sub_2",
			"origin": [8, 0, 8],
			"color": 0,
			"nbt": "{}",
			"children": [0]
		},
		{
			"name": "lid2",
			"origin": [8, 14, 14],
			"color": 0,
			"nbt": "{}",
			"children": []
		},
		{
			"name": "lid_sub_0",
			"origin": [2.44444, 13.44444, 7.11111],
			"color": 0,
			"nbt": "{}",
			"children": [
				{
					"name": "lid_sub_1",
					"origin": [4.5, 14, 14],
					"color": 0,
					"nbt": "{}",
					"children": []
				}
			]
		},
		{
			"name": "base_sub_7",
			"origin": [8, 0, 8],
			"color": 0,
			"nbt": "{}",
			"children": []
		},
		{
			"name": "base",
			"origin": [8, 0, 8],
			"color": 0,
			"nbt": "{}",
			"children": []
		},
		{
			"name": "base4",
			"origin": [8, 2, 8],
			"color": 0,
			"nbt": "{}",
			"children": [
				{
					"name": "base_sub_6",
					"origin": [8, 2, 14],
					"color": 0,
					"nbt": "{}",
					"children": [1]
				}
			]
		},
		{
			"name": "base5",
			"origin": [11.5, 2, 14],
			"color": 0,
			"nbt": "{}",
			"children": []
		},
		{
			"name": "base_sub_3",
			"origin": [12, 2, 2],
			"color": 0,
			"nbt": "{}",
			"children": [
				{
					"name": "base_sub_8",
					"origin": [8, 0, 8],
					"color": 0,
					"nbt": "{}",
					"children": []
				}
			]
		},
		{
			"name": "base2",
			"origin": [8, 2, 8],
			"color": 0,
			"nbt": "{}",
			"children": [
				{
					"name": "base_sub_9",
					"origin": [8, 2, 8],
					"color": 0,
					"nbt": "{}",
					"children": [2, 3]
				}
			]
		},
		{
			"name": "base3",
			"origin": [8, 2.5, 2],
			"color": 0,
			"nbt": "{}",
			"children": [
				{
					"name": "base_sub_4",
					"origin": [8, 2.5, 2],
					"color": 0,
					"nbt": "{}",
					"children": []
				}
			]
		},
		{
			"name": "base_sub_1",
			"origin": [8, 0, 8],
			"color": 0,
			"nbt": "{}",
			"children": [
				{
					"name": "base_sub_0",
					"origin": [8, 0, 8],
					"color": 0,
					"nbt": "{}",
					"children": [
						4,
						5,
						6,
						7,
						8,
						9,
						10,
						11,
						12,
						13,
						14,
						15,
						16,
						{
							"name": "base_sub_5",
							"origin": [4.5, 2, 14],
							"color": 0,
							"nbt": "{}",
							"children": [17]
						},
						{
							"name": "base_sub_2",
							"origin": [8, 2, 14],
							"color": 0,
							"nbt": "{}",
							"children": []
						}
					]
				}
			]
		},
		{
			"name": "bone",
			"origin": [0, 0, 0],
			"color": 0,
			"nbt": "{}",
			"children": [18, 19, 20, 21, 22, 23, 24, 25, 26, 27, 28, 29, 30, 31, 32, 33, 34, 35, 36, 37, 38, 39, 40, 41, 42, 43, 44, 45, 46, 47, 48, 49, 50, 51, 52, 53, 54, 55]
		}
	]
}