{
	"credit": "Made by SrDarmith - YouTube: Mainclay",
	"textures": {
		"1": "item/anvil 1",
		"particle": "item/anvil 1"
	},
	"elements": [
		{
			"from": [2.725, 8.75, 7],
			"to": [6.975, 10, 9],
			"faces": {
				"north": {"uv": [16, 12, 15, 11], "texture": "#1"},
				"east": {"uv": [16, 12, 15, 11], "texture": "#1"},
				"south": {"uv": [16, 12, 15, 11], "texture": "#1"},
				"west": {"uv": [16, 12, 15, 11], "texture": "#1"},
				"up": {"uv": [16, 12, 15, 11], "texture": "#1"},
				"down": {"uv": [16, 12, 15, 11], "texture": "#1"}
			}
		},
		{
			"from": [3, 8.5, 7.25],
			"to": [7, 8.75, 8.75],
			"faces": {
				"north": {"uv": [16, 12, 15, 11], "texture": "#1"},
				"east": {"uv": [16, 12, 15, 11], "texture": "#1"},
				"south": {"uv": [16, 12, 15, 11], "texture": "#1"},
				"west": {"uv": [16, 12, 15, 11], "texture": "#1"},
				"down": {"uv": [16, 12, 15, 11], "texture": "#1"}
			}
		},
		{
			"from": [7, 8.5, 7.25],
			"to": [11.5, 8.75, 8.75],
			"faces": {
				"north": {"uv": [8.75, 7.25, 12.5, 7.5], "texture": "#1"},
				"east": {"uv": [7.25, 7.25, 8.75, 7.5], "texture": "#1"},
				"south": {"uv": [3.5, 7.25, 7.25, 7.5], "texture": "#1"},
				"west": {"uv": [7.25, 7.25, 8.75, 7.5], "texture": "#1"},
				"down": {"uv": [12.5, 8.75, 8.75, 7.25], "texture": "#1"}
			}
		},
		{
			"from": [2.75, 8.75, 7.25],
			"to": [11.5, 10.75, 8.75],
			"faces": {
				"north": {"uv": [4.25, 5.25, 12.75, 7.25], "texture": "#1"},
				"east": {"uv": [7.25, 5.25, 8.75, 7.25], "texture": "#1"},
				"south": {"uv": [3.25, 5.25, 11.75, 7.25], "texture": "#1"},
				"west": {"uv": [7.25, 5.25, 8.75, 7.25], "texture": "#1"},
				"up": {"uv": [3.25, 7.25, 11.75, 8.75], "texture": "#1"},
				"down": {"uv": [12.75, 8.75, 4.25, 7.25], "texture": "#1"}
			}
		},
		{
			"from": [8.85, 2, 7.5],
			"to": [10.1, 5, 8.5],
			"faces": {
				"north": {"uv": [5.75, 11, 7, 14.25], "texture": "#1"},
				"east": {"uv": [7.5, 11, 8.5, 14.25], "texture": "#1"},
				"south": {"uv": [9, 11, 10.25, 14.25], "texture": "#1"},
				"west": {"uv": [7.5, 11, 8.5, 14.25], "texture": "#1"},
				"down": {"uv": [7, 8.5, 5.75, 7.5], "texture": "#1"}
			}
		},
		{
			"from": [11.5, 9.25, 7.25],
			"to": [14.75, 10.75, 8.75],
			"faces": {
				"north": {"uv": [1.25, 5.25, 4.25, 6.5], "texture": "#1"},
				"east": {"uv": [7.25, 5.25, 8.75, 6.5], "texture": "#1"},
				"south": {"uv": [11.75, 5.25, 14.75, 6.5], "texture": "#1"},
				"up": {"uv": [11.75, 7.25, 14.75, 8.75], "texture": "#1"},
				"down": {"uv": [4.25, 8.75, 1.25, 7.25], "texture": "#1"}
			}
		},
		{
			"from": [7, 7.275, 7.75],
			"to": [7.25, 8.575, 8.25],
			"rotation": {"angle": 0, "axis": "y", "origin": [0, -0.125, 0]},
			"faces": {
				"north": {"uv": [8.5, 7.25, 8.75, 8.5], "texture": "#1"},
				"east": {"uv": [7.75, 7.25, 8.25, 8.5], "texture": "#1"},
				"south": {"uv": [7.25, 7.25, 7.5, 8.5], "texture": "#1"},
				"west": {"uv": [7.75, 7.25, 8.25, 8.5], "texture": "#1"},
				"down": {"uv": [8.75, 8.25, 8.5, 7.75], "texture": "#1"}
			}
		},
		{
			"from": [8.5, 7.275, 7.75],
			"to": [8.75, 7.525, 8.25],
			"rotation": {"angle": 0, "axis": "y", "origin": [0, -0.125, 0]},
			"faces": {
				"north": {"uv": [8.25, 8.25, 8.5, 8.5], "texture": "#1"},
				"east": {"uv": [7.75, 8.25, 8.25, 8.5], "texture": "#1"},
				"south": {"uv": [7.5, 8.25, 7.75, 8.5], "texture": "#1"},
				"west": {"uv": [8, 8, 9, 9], "texture": "#1"},
				"up": {"uv": [7.5, 7.75, 7.75, 8.25], "texture": "#1"},
				"down": {"uv": [8, 8, 9, 9], "texture": "#1"}
			}
		},
		{
			"from": [7.25, 7.025, 7.75],
			"to": [8.5, 7.275, 8.25],
			"rotation": {"angle": 0, "axis": "y", "origin": [0, -0.125, 0]},
			"faces": {
				"north": {"uv": [7.25, 8.5, 8.5, 8.75], "texture": "#1"},
				"east": {"uv": [7, 8, 8, 9], "texture": "#1"},
				"south": {"uv": [7.5, 8.5, 8.75, 8.75], "texture": "#1"},
				"west": {"uv": [7.75, 8.5, 8.25, 8.75], "texture": "#1"},
				"up": {"uv": [7.5, 7.75, 8.75, 8.25], "texture": "#1"},
				"down": {"uv": [8.5, 8.25, 7.25, 7.75], "texture": "#1"}
			}
		},
		{
			"from": [8.475, 7.45, 7.825],
			"to": [8.725, 8.7, 8.175],
			"rotation": {"angle": -22.5, "axis": "z", "origin": [8.5, 8.875, 7.75]},
			"faces": {
				"north": {"uv": [7.5, 7, 7.75, 8.25], "texture": "#1"},
				"east": {"uv": [7.75, 7, 8.25, 8.25], "texture": "#1"},
				"south": {"uv": [8.25, 7, 8.5, 8.25], "texture": "#1"},
				"west": {"uv": [7.75, 7, 8.25, 8.25], "texture": "#1"},
				"up": {"uv": [8.25, 7.75, 8.5, 8.25], "texture": "#1"},
				"down": {"uv": [7.75, 8.25, 7.5, 7.75], "texture": "#1"}
			}
		},
		{
			"from": [4.75, 10.75, 7.25],
			"to": [12.75, 10.85, 7.5],
			"faces": {
				"north": {"uv": [4, 5, 11, 5.25], "texture": "#1"},
				"east": {"uv": [7.25, 5, 8.75, 5.25], "texture": "#1"},
				"south": {"uv": [5, 5, 12, 5.25], "texture": "#1"},
				"west": {"uv": [7.25, 5, 8.75, 5.25], "texture": "#1"},
				"up": {"uv": [5, 8.25, 12, 8.75], "texture": "#1"},
				"down": {"uv": [11, 8.75, 4, 8.25], "texture": "#1"}
			}
		},
		{
			"from": [5.25, 10.75, 7.575],
			"to": [9.25, 10.95, 8.425],
			"faces": {
				"north": {"uv": [4, 5, 11, 5.25], "texture": "#1"},
				"east": {"uv": [7.25, 5, 8.75, 5.25], "texture": "#1"},
				"south": {"uv": [5, 5, 12, 5.25], "texture": "#1"},
				"west": {"uv": [7.25, 5, 8.75, 5.25], "texture": "#1"},
				"up": {"uv": [5, 8.25, 12, 8.75], "texture": "#1"},
				"down": {"uv": [11, 8.75, 4, 8.25], "texture": "#1"}
			}
		},
		{
			"from": [4.75, 10.75, 8.5],
			"to": [12.75, 10.85, 8.75],
			"faces": {
				"north": {"uv": [4, 5, 11, 5.25], "texture": "#1"},
				"east": {"uv": [7.25, 5, 8.75, 5.25], "texture": "#1"},
				"south": {"uv": [5, 5, 12, 5.25], "texture": "#1"},
				"west": {"uv": [7.25, 5, 8.75, 5.25], "texture": "#1"},
				"up": {"uv": [5, 8.25, 12, 8.75], "texture": "#1"},
				"down": {"uv": [11, 8.75, 4, 8.25], "texture": "#1"}
			}
		},
		{
			"from": [5.25, 10.85, 7.25],
			"to": [12.25, 10.95, 7.5],
			"faces": {
				"north": {"uv": [4, 5, 11, 5.25], "texture": "#1"},
				"east": {"uv": [7.25, 5, 8.75, 5.25], "texture": "#1"},
				"south": {"uv": [5, 5, 12, 5.25], "texture": "#1"},
				"west": {"uv": [7.25, 5, 8.75, 5.25], "texture": "#1"},
				"up": {"uv": [5, 8.25, 12, 8.75], "texture": "#1"},
				"down": {"uv": [11, 8.75, 4, 8.25], "texture": "#1"}
			}
		},
		{
			"from": [5.25, 10.85, 8.5],
			"to": [12.25, 10.95, 8.75],
			"faces": {
				"north": {"uv": [4, 5, 11, 5.25], "texture": "#1"},
				"east": {"uv": [7.25, 5, 8.75, 5.25], "texture": "#1"},
				"south": {"uv": [5, 5, 12, 5.25], "texture": "#1"},
				"west": {"uv": [7.25, 5, 8.75, 5.25], "texture": "#1"},
				"up": {"uv": [5, 8.25, 12, 8.75], "texture": "#1"},
				"down": {"uv": [11, 8.75, 4, 8.25], "texture": "#1"}
			}
		},
		{
			"from": [13.4, 10.75, 7.35],
			"to": [14.625, 11.25, 8.65],
			"faces": {
				"north": {"uv": [1.5, 4.75, 2.5, 5.25], "texture": "#1"},
				"east": {"uv": [7.5, 4.75, 8.5, 5.25], "texture": "#1"},
				"south": {"uv": [13.5, 4.75, 14.5, 5.25], "texture": "#1"},
				"west": {"uv": [7.5, 4.75, 8.5, 5.25], "texture": "#1"},
				"up": {"uv": [13.5, 7.5, 14.5, 8.5], "texture": "#1"}
			}
		},
		{
			"from": [3.125, 11.25, 8.4],
			"to": [3.85, 11.55, 8.65],
			"faces": {
				"north": {"uv": [1.5, 3.25, 2.5, 3.75], "texture": "#1"},
				"east": {"uv": [7.5, 4.25, 7.75, 4.75], "texture": "#1"},
				"south": {"uv": [13.5, 3.25, 14.5, 3.75], "texture": "#1"},
				"west": {"uv": [8.25, 4.25, 8.5, 4.75], "texture": "#1"},
				"up": {"uv": [13.5, 8.25, 14.5, 8.5], "texture": "#1"}
			}
		},
		{
			"from": [3.125, 11.25, 7.35],
			"to": [3.85, 11.55, 7.6],
			"faces": {
				"north": {"uv": [1.5, 3.25, 2.5, 3.75], "texture": "#1"},
				"east": {"uv": [8.25, 4.25, 8.5, 4.75], "texture": "#1"},
				"south": {"uv": [13.5, 3.25, 14.5, 3.75], "texture": "#1"},
				"west": {"uv": [7.5, 4.25, 7.75, 4.75], "texture": "#1"},
				"up": {"uv": [13.5, 7.5, 14.5, 7.75], "texture": "#1"}
			}
		},
		{
			"from": [2.975, 10.75, 7.35],
			"to": [4, 11.25, 8.65],
			"faces": {
				"north": {"uv": [1.5, 3.75, 2.5, 4.25], "texture": "#1"},
				"east": {"uv": [7.5, 4.75, 8.5, 5.25], "texture": "#1"},
				"south": {"uv": [13.5, 3.75, 14.5, 4.25], "texture": "#1"},
				"west": {"uv": [7.5, 4.75, 8.5, 5.25], "texture": "#1"},
				"up": {"uv": [13.5, 7.5, 14.5, 8.5], "texture": "#1"}
			}
		},
		{
			"from": [5.725, 10.75, 7.75],
			"to": [6.525, 11.5, 8.25],
			"faces": {
				"north": {"uv": [1.5, 3.75, 2.5, 4.25], "texture": "#1"},
				"east": {"uv": [7.5, 4.75, 8.5, 5.25], "texture": "#1"},
				"south": {"uv": [13.5, 3.75, 14.5, 4.25], "texture": "#1"},
				"west": {"uv": [7.5, 4.75, 8.5, 5.25], "texture": "#1"},
				"up": {"uv": [13.5, 7.5, 14.5, 8.5], "texture": "#1"}
			}
		},
		{
			"from": [5.875, 10.75, 7.575],
			"to": [6.375, 11.5, 8.425],
			"faces": {
				"north": {"uv": [1.5, 3.75, 2.5, 4.25], "texture": "#1"},
				"east": {"uv": [7.5, 4.75, 8.5, 5.25], "texture": "#1"},
				"south": {"uv": [13.5, 3.75, 14.5, 4.25], "texture": "#1"},
				"west": {"uv": [7.5, 4.75, 8.5, 5.25], "texture": "#1"},
				"up": {"uv": [13.5, 7.5, 14.5, 8.5], "texture": "#1"}
			}
		},
		{
			"from": [13.575, 11.25, 7.35],
			"to": [14.45, 11.55, 7.6],
			"faces": {
				"north": {"uv": [1.5, 4.25, 2.5, 4.75], "texture": "#1"},
				"east": {"uv": [8.25, 4.25, 8.5, 4.75], "texture": "#1"},
				"south": {"uv": [13.5, 4.25, 14.5, 4.75], "texture": "#1"},
				"west": {"uv": [7.5, 4.25, 7.75, 4.75], "texture": "#1"},
				"up": {"uv": [13.5, 7.5, 14.5, 7.75], "texture": "#1"}
			}
		},
		{
			"from": [13.575, 11.25, 8.4],
			"to": [14.45, 11.55, 8.65],
			"faces": {
				"north": {"uv": [1.5, 4.25, 2.5, 4.75], "texture": "#1"},
				"east": {"uv": [7.5, 4.25, 7.75, 4.75], "texture": "#1"},
				"south": {"uv": [13.5, 4.25, 14.5, 4.75], "texture": "#1"},
				"west": {"uv": [8.25, 4.25, 8.5, 4.75], "texture": "#1"},
				"up": {"uv": [13.5, 8.25, 14.5, 8.5], "texture": "#1"}
			}
		},
		{
			"from": [3.375, 11.25, 7.925],
			"to": [3.6, 11.5, 8.075],
			"rotation": {"angle": 0, "axis": "z", "origin": [4, 11.5, 7.5]},
			"faces": {
				"north": {"uv": [11.5, 4, 12.5, 4.75], "rotation": 270, "texture": "#1"},
				"east": {"uv": [3.5, 7.5, 4.5, 8.5], "rotation": 90, "texture": "#1"},
				"south": {"uv": [3.5, 4, 4.5, 4.75], "rotation": 90, "texture": "#1"},
				"west": {"uv": [12.5, 8.5, 11.5, 7.5], "rotation": 90, "texture": "#1"},
				"up": {"uv": [7.5, 4, 8.5, 4.75], "rotation": 90, "texture": "#1"},
				"down": {"uv": [7.5, 4, 8.5, 4.75], "rotation": 90, "texture": "#1"}
			}
		},
		{
			"from": [11.5, 8.375, 7.425],
			"to": [15, 9.25, 8.6],
			"rotation": {"angle": 0, "axis": "y", "origin": [0, -0.375, 0]},
			"faces": {
				"north": {"uv": [2, 15, 3, 16], "texture": "#1"},
				"east": {"uv": [2, 15, 3, 16], "texture": "#1"},
				"south": {"uv": [2, 15, 3, 16], "texture": "#1"},
				"west": {"uv": [2, 15, 3, 16], "texture": "#1"},
				"up": {"uv": [2, 15, 3, 16], "texture": "#1"},
				"down": {"uv": [3, 16, 2, 15], "texture": "#1"}
			}
		},
		{
			"from": [14.9, 5.65, 7.425],
			"to": [15.225, 5.875, 8.6],
			"rotation": {"angle": 0, "axis": "y", "origin": [0.4, -0.375, 0]},
			"faces": {
				"north": {"uv": [2, 15, 3, 16], "texture": "#1"},
				"east": {"uv": [2, 15, 3, 16], "texture": "#1"},
				"south": {"uv": [2, 15, 3, 16], "texture": "#1"},
				"west": {"uv": [2, 15, 3, 16], "texture": "#1"},
				"up": {"uv": [2, 15, 3, 16], "texture": "#1"},
				"down": {"uv": [3, 16, 2, 15], "texture": "#1"}
			}
		},
		{
			"from": [14.9, 5.875, 7.425],
			"to": [15.525, 8.95, 8.6],
			"rotation": {"angle": 0, "axis": "y", "origin": [0.4, -0.375, 0]},
			"faces": {
				"north": {"uv": [2, 15, 3, 16], "texture": "#1"},
				"east": {"uv": [2, 15, 3, 16], "texture": "#1"},
				"south": {"uv": [2, 15, 3, 16], "texture": "#1"},
				"west": {"uv": [2, 15, 3, 16], "texture": "#1"},
				"up": {"uv": [2, 15, 3, 16], "texture": "#1"},
				"down": {"uv": [3, 16, 2, 15], "texture": "#1"}
			}
		},
		{
			"from": [14.525, 6.725, 8.35],
			"to": [14.775, 7.65, 8.6],
			"rotation": {"angle": 22.5, "axis": "z", "origin": [14.6, 7.725, 7.6]},
			"faces": {
				"north": {"uv": [2, 15, 3, 16], "texture": "#1"},
				"east": {"uv": [2, 15, 3, 16], "texture": "#1"},
				"south": {"uv": [2, 15, 3, 16], "texture": "#1"},
				"west": {"uv": [2, 15, 3, 16], "texture": "#1"},
				"up": {"uv": [2, 15, 3, 16], "texture": "#1"},
				"down": {"uv": [2, 15, 3, 16], "texture": "#1"}
			}
		},
		{
			"from": [13.35, 8.475, 8.35],
			"to": [14.35, 8.725, 8.6],
			"rotation": {"angle": -22.5, "axis": "z", "origin": [13.1, 8.725, 7.6]},
			"faces": {
				"north": {"uv": [2, 15, 3, 16], "texture": "#1"},
				"east": {"uv": [2, 15, 3, 16], "texture": "#1"},
				"south": {"uv": [2, 15, 3, 16], "texture": "#1"},
				"west": {"uv": [2, 15, 3, 16], "texture": "#1"},
				"up": {"uv": [2, 15, 3, 16], "texture": "#1"},
				"down": {"uv": [2, 15, 3, 16], "texture": "#1"}
			}
		},
		{
			"from": [14.275, 7.925, 8.35],
			"to": [15.025, 8.175, 8.6],
			"rotation": {"angle": -45, "axis": "z", "origin": [14.35, 8.225, 7.6]},
			"faces": {
				"north": {"uv": [2, 15, 3, 16], "texture": "#1"},
				"south": {"uv": [2, 15, 3, 16], "texture": "#1"},
				"west": {"uv": [2, 15, 3, 16], "texture": "#1"},
				"up": {"uv": [2, 15, 3, 16], "texture": "#1"},
				"down": {"uv": [2, 15, 3, 16], "texture": "#1"}
			}
		},
		{
			"from": [14.75, 8.775, 7.425],
			"to": [15.275, 9.75, 8.6],
			"faces": {
				"north": {"uv": [2, 15, 3, 16], "texture": "#1"},
				"east": {"uv": [2, 15, 3, 16], "texture": "#1"},
				"south": {"uv": [2, 15, 3, 16], "texture": "#1"},
				"up": {"uv": [2, 15, 3, 16], "texture": "#1"}
			}
		},
		{
			"from": [0, 9.975, 7.75],
			"to": [2.25, 10.175, 8.25],
			"rotation": {"angle": 0, "axis": "y", "origin": [-18.75, -0.625, 0]},
			"faces": {
				"north": {"uv": [6, 8, 4, 6], "texture": "#1"},
				"south": {"uv": [6, 8, 4, 6], "texture": "#1"},
				"west": {"uv": [6, 8, 4, 6], "texture": "#1"},
				"up": {"uv": [6, 8, 4, 6], "texture": "#1"},
				"down": {"uv": [4, 6, 6, 8], "texture": "#1"}
			}
		},
		{
			"from": [2, 9.325, 7.575],
			"to": [2.75, 10.175, 8.425],
			"rotation": {"angle": 0, "axis": "y", "origin": [-18.75, -0.625, 0]},
			"faces": {
				"north": {"uv": [6, 8, 4, 6], "texture": "#1"},
				"east": {"uv": [6, 8, 4, 6], "texture": "#1"},
				"south": {"uv": [6, 8, 4, 6], "texture": "#1"},
				"west": {"uv": [6, 8, 4, 6], "texture": "#1"},
				"up": {"uv": [6, 8, 4, 6], "texture": "#1"},
				"down": {"uv": [4, 6, 6, 8], "texture": "#1"}
			}
		},
		{
			"from": [2, 9.45, 7.45],
			"to": [2.75, 10.05, 8.55],
			"rotation": {"angle": 0, "axis": "y", "origin": [-18.75, -0.625, 0]},
			"faces": {
				"north": {"uv": [6, 8, 4, 6], "texture": "#1"},
				"east": {"uv": [6, 8, 4, 6], "texture": "#1"},
				"south": {"uv": [6, 8, 4, 6], "texture": "#1"},
				"west": {"uv": [6, 8, 4, 6], "texture": "#1"},
				"up": {"uv": [6, 8, 4, 6], "texture": "#1"},
				"down": {"uv": [4, 6, 6, 8], "texture": "#1"}
			}
		},
		{
			"from": [2, 9.2, 7.7],
			"to": [2.75, 10.3, 8.3],
			"rotation": {"angle": 0, "axis": "y", "origin": [-18.75, -0.625, 0]},
			"faces": {
				"north": {"uv": [6, 8, 4, 6], "texture": "#1"},
				"east": {"uv": [6, 8, 4, 6], "texture": "#1"},
				"south": {"uv": [6, 8, 4, 6], "texture": "#1"},
				"west": {"uv": [6, 8, 4, 6], "texture": "#1"},
				"up": {"uv": [6, 8, 4, 6], "texture": "#1"},
				"down": {"uv": [4, 6, 6, 8], "texture": "#1"}
			}
		},
		{
			"from": [0, 9.325, 7.75],
			"to": [2.25, 9.525, 8.25],
			"rotation": {"angle": 0, "axis": "y", "origin": [-18.75, -0.75, 0]},
			"faces": {
				"north": {"uv": [6, 8, 4, 6], "texture": "#1"},
				"south": {"uv": [6, 8, 4, 6], "texture": "#1"},
				"west": {"uv": [6, 8, 4, 6], "texture": "#1"},
				"up": {"uv": [6, 8, 4, 6], "texture": "#1"},
				"down": {"uv": [4, 6, 6, 8], "texture": "#1"}
			}
		},
		{
			"from": [0, 9.5, 8.225],
			"to": [2.25, 10, 8.425],
			"rotation": {"angle": 0, "axis": "y", "origin": [-18.75, -0.625, 0]},
			"faces": {
				"north": {"uv": [6, 8, 4, 6], "texture": "#1"},
				"south": {"uv": [6, 8, 4, 6], "texture": "#1"},
				"west": {"uv": [6, 8, 4, 6], "texture": "#1"},
				"up": {"uv": [6, 8, 4, 6], "texture": "#1"},
				"down": {"uv": [4, 6, 6, 8], "texture": "#1"}
			}
		},
		{
			"from": [0, 9.5, 7.575],
			"to": [2.25, 10, 7.775],
			"rotation": {"angle": 0, "axis": "y", "origin": [-18.75, -0.625, 0]},
			"faces": {
				"north": {"uv": [6, 8, 4, 6], "texture": "#1"},
				"south": {"uv": [6, 8, 4, 6], "texture": "#1"},
				"west": {"uv": [6, 8, 4, 6], "texture": "#1"},
				"up": {"uv": [6, 8, 4, 6], "texture": "#1"},
				"down": {"uv": [4, 6, 6, 8], "texture": "#1"}
			}
		},
		{
			"from": [10.35, 8.225, 7.6],
			"to": [10.45, 8.5, 8.4],
			"rotation": {"angle": 0, "axis": "y", "origin": [-19, -1, 0]},
			"faces": {
				"north": {"uv": [12.05, 7.95, 13.55, 8.8], "texture": "#1"},
				"east": {"uv": [12.8, 7.95, 13.8, 8.8], "texture": "#1"},
				"south": {"uv": [12.45, 7.55, 13.95, 8.8], "texture": "#1"},
				"west": {"uv": [12.8, 7.95, 13.8, 8.8], "texture": "#1"},
				"up": {"uv": [13.05, 7.2, 14.55, 6.8], "texture": "#1"},
				"down": {"uv": [13.95, 8.6, 12.45, 7.6], "texture": "#1"}
			}
		},
		{
			"from": [10.5, 7, 7.75],
			"to": [10.875, 8.25, 8.25],
			"rotation": {"angle": 0, "axis": "y", "origin": [-20, 0, 0]},
			"faces": {
				"north": {"uv": [11, 10, 10, 9], "texture": "#1"},
				"east": {"uv": [11, 10, 10, 9], "texture": "#1"},
				"south": {"uv": [11, 10, 10, 9], "texture": "#1"},
				"west": {"uv": [11, 10, 10, 9], "texture": "#1"},
				"down": {"uv": [10, 9, 11, 10], "texture": "#1"}
			}
		},
		{
			"from": [10.5, 5.25, 7.5],
			"to": [10.75, 7.25, 8.5],
			"rotation": {"angle": 0, "axis": "y", "origin": [-20, 0, 0]},
			"faces": {
				"north": {"uv": [16, 12, 15, 11], "texture": "#1"},
				"east": {"uv": [16, 12, 15, 11], "texture": "#1"},
				"south": {"uv": [16, 12, 15, 11], "texture": "#1"},
				"up": {"uv": [16, 12, 15, 11], "texture": "#1"},
				"down": {"uv": [16, 11, 15, 12], "texture": "#1"}
			}
		},
		{
			"from": [10.5, 8, 7.25],
			"to": [10.7, 8.25, 8.75],
			"rotation": {"angle": 0, "axis": "y", "origin": [-20, 0, 0]},
			"faces": {
				"north": {"uv": [16, 12, 15, 11], "texture": "#1"},
				"east": {"uv": [16, 12, 15, 11], "texture": "#1"},
				"south": {"uv": [16, 12, 15, 11], "texture": "#1"},
				"down": {"uv": [16, 11, 15, 12], "texture": "#1"}
			}
		},
		{
			"from": [10.5, 8.25, 7.25],
			"to": [11.025, 8.5, 8.75],
			"rotation": {"angle": 0, "axis": "y", "origin": [-20, 0, 0]},
			"faces": {
				"north": {"uv": [16, 12, 15, 11], "texture": "#1"},
				"east": {"uv": [16, 12, 15, 11], "texture": "#1"},
				"south": {"uv": [16, 12, 15, 11], "texture": "#1"},
				"up": {"uv": [16, 12, 15, 11], "texture": "#1"},
				"down": {"uv": [16, 11, 15, 12], "texture": "#1"}
			}
		},
		{
			"from": [9.5, 7.75, 7.25],
			"to": [10.5, 8.5, 8.75],
			"rotation": {"angle": 0, "axis": "y", "origin": [-20, 0, 0]},
			"faces": {
				"north": {"uv": [16, 12, 15, 11], "texture": "#1"},
				"east": {"uv": [16, 12, 15, 11], "texture": "#1"},
				"south": {"uv": [16, 12, 15, 11], "texture": "#1"},
				"west": {"uv": [16, 12, 15, 11], "texture": "#1"},
				"up": {"uv": [16, 12, 15, 11], "texture": "#1"}
			}
		},
		{
			"from": [9, 5, 7.25],
			"to": [10.5, 7.75, 8.75],
			"rotation": {"angle": 0, "axis": "y", "origin": [-20, 0, 0]},
			"faces": {
				"north": {"uv": [16, 12, 15, 11], "texture": "#1"},
				"east": {"uv": [16, 12, 15, 11], "texture": "#1"},
				"south": {"uv": [16, 12, 15, 11], "texture": "#1"},
				"west": {"uv": [16, 12, 15, 11], "texture": "#1"},
				"up": {"uv": [16, 12, 15, 11], "texture": "#1"},
				"down": {"uv": [16, 11, 15, 12], "texture": "#1"}
			}
		},
		{
			"from": [8.75, 5, 7.5],
			"to": [10.25, 8.5, 8.5],
			"rotation": {"angle": 0, "axis": "y", "origin": [-20, 0, 0]},
			"faces": {
				"north": {"uv": [16, 12, 15, 11], "texture": "#1"},
				"east": {"uv": [16, 12, 15, 11], "texture": "#1"},
				"south": {"uv": [16, 12, 15, 11], "texture": "#1"},
				"west": {"uv": [16, 12, 15, 11], "texture": "#1"},
				"down": {"uv": [16, 11, 15, 12], "texture": "#1"}
			}
		},
		{
			"from": [7.3, 9.975, 7.225],
			"to": [11.35, 10.2, 8.775],
			"rotation": {"angle": 0, "axis": "y", "origin": [-11.75, -0.625, 0]},
			"faces": {
				"north": {"uv": [5, 16, 4, 15], "texture": "#1"},
				"east": {"uv": [4, 15, 5, 16], "texture": "#1"},
				"south": {"uv": [5, 16, 4, 15], "texture": "#1"},
				"west": {"uv": [5, 16, 4, 15], "texture": "#1"},
				"up": {"uv": [5, 16, 4, 15], "texture": "#1"},
				"down": {"uv": [4, 15, 5, 16], "texture": "#1"}
			}
		},
		{
			"from": [11.8, 9.475, 7.225],
			"to": [13.6, 9.7, 8.775],
			"rotation": {"angle": 0, "axis": "y", "origin": [-11.75, -0.625, 0]},
			"faces": {
				"north": {"uv": [5, 16, 4, 15], "texture": "#1"},
				"east": {"uv": [4, 15, 5, 16], "texture": "#1"},
				"south": {"uv": [5, 16, 4, 15], "texture": "#1"},
				"west": {"uv": [5, 16, 4, 15], "texture": "#1"},
				"up": {"uv": [5, 16, 4, 15], "texture": "#1"},
				"down": {"uv": [4, 15, 5, 16], "texture": "#1"}
			}
		},
		{
			"from": [11.8, 9.975, 7.225],
			"to": [13.6, 10.2, 8.775],
			"rotation": {"angle": 0, "axis": "y", "origin": [-11.75, -0.625, 0]},
			"faces": {
				"north": {"uv": [5, 16, 4, 15], "texture": "#1"},
				"east": {"uv": [4, 15, 5, 16], "texture": "#1"},
				"south": {"uv": [5, 16, 4, 15], "texture": "#1"},
				"west": {"uv": [5, 16, 4, 15], "texture": "#1"},
				"up": {"uv": [5, 16, 4, 15], "texture": "#1"},
				"down": {"uv": [4, 15, 5, 16], "texture": "#1"}
			}
		},
		{
			"from": [7.3, 9.475, 7.225],
			"to": [11.35, 9.7, 8.775],
			"rotation": {"angle": 0, "axis": "y", "origin": [-11.75, -0.625, 0]},
			"faces": {
				"north": {"uv": [5, 16, 4, 15], "texture": "#1"},
				"east": {"uv": [4, 15, 5, 16], "texture": "#1"},
				"south": {"uv": [5, 16, 4, 15], "texture": "#1"},
				"west": {"uv": [5, 16, 4, 15], "texture": "#1"},
				"up": {"uv": [5, 16, 4, 15], "texture": "#1"},
				"down": {"uv": [4, 15, 5, 16], "texture": "#1"}
			}
		}
	],
	"gui_light": "front",
	"display": {
		"thirdperson_righthand": {
			"rotation": [0, -90, 0],
			"translation": [0, -0.5, 0.25],
			"scale": [0.92, 0.92, 0.88]
		},
		"thirdperson_lefthand": {
			"rotation": [0, 90, 0],
			"translation": [0, -0.5, 0.25],
			"scale": [0.92, 0.92, 0.88]
		},
		"firstperson_righthand": {
			"rotation": [0, -90, 0],
			"translation": [-1.75, 3.75, -2.25],
			"scale": [0.94, 0.94, 0.88]
		},
		"firstperson_lefthand": {
			"rotation": [0, 90, 0],
			"translation": [-1, 4, -2.25],
			"scale": [0.94, 0.94, 0.88]
		},
		"ground": {
			"translation": [-0.5, 3, 0],
			"scale": [1.15, 1.15, 1.11]
		},
		"gui": {
			"rotation": [0, 0, -45],
			"translation": [-0.5, -0.25, 0],
			"scale": [0.95, 0.95, 0.95]
		},
		"head": {
			"rotation": [0, -80.75, 0],
			"translation": [0, 9, 0]
		},
		"fixed": {
			"rotation": [0, 180, -45],
			"translation": [1, -0.2, -1.1],
			"scale": [1.35, 1.35, 1.31]
		}
	}
}