{
	"credit": "Made by SrDarmith - YouTube: Mainclay",
	"textures": {
		"0": "item/gun3",
		"particle": "item/gun3"
	},
	"elements": [
		{
			"from": [-7.5, 9.675, 7.875],
			"to": [-7.3, 9.975, 8.125],
			"faces": {
				"north": {"uv": [16, 5.5, 15, 5.75], "texture": "#0", "cullface": "west"},
				"east": {"uv": [7.875, 5.5, 8.125, 5.75], "texture": "#0", "cullface": "west"},
				"south": {"uv": [0, 5.5, 1, 5.75], "texture": "#0", "cullface": "west"},
				"west": {"uv": [7.875, 5.5, 8.125, 5.75], "texture": "#0", "cullface": "west"},
				"up": {"uv": [0, 7.875, 1, 8.625], "texture": "#0", "cullface": "west"}
			}
		},
		{
			"from": [-7.3, 9.925, 7.875],
			"to": [-7.1, 10.225, 8.125],
			"faces": {
				"north": {"uv": [16, 5.5, 15, 5.75], "texture": "#0", "cullface": "west"},
				"east": {"uv": [7.875, 5.5, 8.125, 5.75], "texture": "#0", "cullface": "west"},
				"south": {"uv": [0, 5.5, 1, 5.75], "texture": "#0", "cullface": "west"},
				"west": {"uv": [7.875, 5.5, 8.125, 5.75], "texture": "#0", "cullface": "west"},
				"up": {"uv": [0, 7.875, 1, 8.625], "texture": "#0", "cullface": "west"}
			}
		},
		{
			"from": [-7.1, 10.15, 7.875],
			"to": [-6.9, 10.45, 8.125],
			"faces": {
				"north": {"uv": [16, 5.5, 15, 5.75], "texture": "#0", "cullface": "west"},
				"east": {"uv": [7.875, 5.5, 8.125, 5.75], "texture": "#0", "cullface": "west"},
				"south": {"uv": [0, 5.5, 1, 5.75], "texture": "#0", "cullface": "west"},
				"west": {"uv": [7.875, 5.5, 8.125, 5.75], "texture": "#0", "cullface": "west"},
				"up": {"uv": [0, 7.875, 1, 8.625], "texture": "#0", "cullface": "west"}
			}
		},
		{
			"from": [-6.975, 9.65, 7.875],
			"to": [-6.775, 10.2, 8.125],
			"faces": {
				"north": {"uv": [16, 5.5, 15, 5.75], "texture": "#0", "cullface": "west"},
				"east": {"uv": [7.875, 5.5, 8.125, 5.75], "texture": "#0", "cullface": "west"},
				"south": {"uv": [0, 5.5, 1, 5.75], "texture": "#0", "cullface": "west"},
				"west": {"uv": [7.875, 5.5, 8.125, 5.75], "texture": "#0", "cullface": "west"},
				"up": {"uv": [0, 7.875, 1, 8.625], "texture": "#0", "cullface": "west"}
			}
		},
		{
			"from": [-7.25, 8.25, 7.75],
			"to": [-6.5, 8.75, 8.25],
			"faces": {
				"north": {"uv": [16, 7.5, 15, 8], "texture": "#0", "cullface": "west"},
				"east": {"uv": [0, 0, 1, 1], "texture": "#0"},
				"south": {"uv": [0, 7.5, 1, 8], "texture": "#0", "cullface": "west"},
				"west": {"uv": [7.75, 7.5, 8.25, 8], "texture": "#0", "cullface": "west"}
			}
		},
		{
			"from": [8.25, 8.55, 7.025],
			"to": [11.25, 9.55, 7.925],
			"faces": {
				"north": {"uv": [10.25, 10.4, 10.75, 10.9], "texture": "#0"},
				"south": {"uv": [10.35, 10.1, 10.7, 11.1], "texture": "#0"},
				"west": {"uv": [10.3, 10.1, 10.7, 10.9], "texture": "#0"},
				"up": {"uv": [10.35, 10.3, 10.6, 11], "texture": "#0"},
				"down": {"uv": [10.8, 11, 10.25, 10.1], "texture": "#0"}
			}
		},
		{
			"from": [8, 7.25, 7.325],
			"to": [18, 7.5, 8.675],
			"faces": {
				"north": {"uv": [5.75, 8.5, 12.5, 8.75], "texture": "#0"},
				"east": {"uv": [0, 0, 1, 1], "texture": "#0"},
				"south": {"uv": [8.5, 8.5, 15.25, 8.75], "texture": "#0"},
				"west": {"uv": [7.25, 8.5, 8.75, 8.75], "texture": "#0"},
				"down": {"uv": [7.5, 8.75, 0.75, 7.25], "texture": "#0"}
			}
		},
		{
			"from": [8, 9.675, 7.6],
			"to": [15.05, 9.925, 8.4],
			"faces": {
				"north": {"uv": [16, 12, 15, 11], "texture": "#0"},
				"east": {"uv": [16, 12, 15, 11], "texture": "#0"},
				"south": {"uv": [16, 12, 15, 11], "texture": "#0"},
				"west": {"uv": [16, 12, 15, 11], "texture": "#0"},
				"up": {"uv": [16, 12, 15, 11], "texture": "#0"}
			}
		},
		{
			"from": [8, 9.925, 7.6],
			"to": [8.15, 10.025, 8.4],
			"faces": {
				"north": {"uv": [16, 12, 15, 11], "texture": "#0"},
				"east": {"uv": [16, 12, 15, 11], "texture": "#0"},
				"south": {"uv": [16, 12, 15, 11], "texture": "#0"},
				"west": {"uv": [16, 12, 15, 11], "texture": "#0"},
				"up": {"uv": [16, 12, 15, 11], "texture": "#0"}
			}
		},
		{
			"from": [12.5, 9.925, 7.6],
			"to": [12.65, 10.025, 8.4],
			"faces": {
				"north": {"uv": [16, 12, 15, 11], "texture": "#0"},
				"east": {"uv": [16, 12, 15, 11], "texture": "#0"},
				"south": {"uv": [16, 12, 15, 11], "texture": "#0"},
				"west": {"uv": [16, 12, 15, 11], "texture": "#0"},
				"up": {"uv": [16, 12, 15, 11], "texture": "#0"}
			}
		},
		{
			"from": [12.2, 9.925, 7.6],
			"to": [12.35, 10.025, 8.4],
			"faces": {
				"north": {"uv": [16, 12, 15, 11], "texture": "#0"},
				"east": {"uv": [16, 12, 15, 11], "texture": "#0"},
				"south": {"uv": [16, 12, 15, 11], "texture": "#0"},
				"west": {"uv": [16, 12, 15, 11], "texture": "#0"},
				"up": {"uv": [16, 12, 15, 11], "texture": "#0"}
			}
		},
		{
			"from": [11.9, 9.925, 7.6],
			"to": [12.05, 10.025, 8.4],
			"faces": {
				"north": {"uv": [16, 12, 15, 11], "texture": "#0"},
				"east": {"uv": [16, 12, 15, 11], "texture": "#0"},
				"south": {"uv": [16, 12, 15, 11], "texture": "#0"},
				"west": {"uv": [16, 12, 15, 11], "texture": "#0"},
				"up": {"uv": [16, 12, 15, 11], "texture": "#0"}
			}
		},
		{
			"from": [11.6, 9.925, 7.6],
			"to": [11.75, 10.025, 8.4],
			"faces": {
				"north": {"uv": [16, 12, 15, 11], "texture": "#0"},
				"east": {"uv": [16, 12, 15, 11], "texture": "#0"},
				"south": {"uv": [16, 12, 15, 11], "texture": "#0"},
				"west": {"uv": [16, 12, 15, 11], "texture": "#0"},
				"up": {"uv": [16, 12, 15, 11], "texture": "#0"}
			}
		},
		{
			"from": [11.3, 9.925, 7.6],
			"to": [11.45, 10.025, 8.4],
			"faces": {
				"north": {"uv": [16, 12, 15, 11], "texture": "#0"},
				"east": {"uv": [16, 12, 15, 11], "texture": "#0"},
				"south": {"uv": [16, 12, 15, 11], "texture": "#0"},
				"west": {"uv": [16, 12, 15, 11], "texture": "#0"},
				"up": {"uv": [16, 12, 15, 11], "texture": "#0"}
			}
		},
		{
			"from": [11, 9.925, 7.6],
			"to": [11.15, 10.025, 8.4],
			"faces": {
				"north": {"uv": [16, 12, 15, 11], "texture": "#0"},
				"east": {"uv": [16, 12, 15, 11], "texture": "#0"},
				"south": {"uv": [16, 12, 15, 11], "texture": "#0"},
				"west": {"uv": [16, 12, 15, 11], "texture": "#0"},
				"up": {"uv": [16, 12, 15, 11], "texture": "#0"}
			}
		},
		{
			"from": [10.7, 9.925, 7.6],
			"to": [10.85, 10.025, 8.4],
			"faces": {
				"north": {"uv": [16, 12, 15, 11], "texture": "#0"},
				"east": {"uv": [16, 12, 15, 11], "texture": "#0"},
				"south": {"uv": [16, 12, 15, 11], "texture": "#0"},
				"west": {"uv": [16, 12, 15, 11], "texture": "#0"},
				"up": {"uv": [16, 12, 15, 11], "texture": "#0"}
			}
		},
		{
			"from": [14.05, 9.925, 7.6],
			"to": [15.05, 10.025, 8.4],
			"faces": {
				"north": {"uv": [16, 12, 15, 11], "texture": "#0"},
				"east": {"uv": [16, 12, 15, 11], "texture": "#0"},
				"south": {"uv": [16, 12, 15, 11], "texture": "#0"},
				"west": {"uv": [16, 12, 15, 11], "texture": "#0"},
				"up": {"uv": [16, 12, 15, 11], "texture": "#0"}
			}
		},
		{
			"from": [13.95, 9.925, 8.4],
			"to": [14.975, 10.225, 8.575],
			"faces": {
				"north": {"uv": [16, 12, 15, 11], "texture": "#0"},
				"east": {"uv": [16, 12, 15, 11], "texture": "#0"},
				"south": {"uv": [16, 12, 15, 11], "texture": "#0"},
				"west": {"uv": [16, 12, 15, 11], "texture": "#0"},
				"up": {"uv": [16, 12, 15, 11], "texture": "#0"}
			}
		},
		{
			"from": [13.775, 9.675, 7.425],
			"to": [15.1, 9.975, 7.6],
			"faces": {
				"north": {"uv": [16, 12, 15, 11], "texture": "#0"},
				"east": {"uv": [16, 12, 15, 11], "texture": "#0"},
				"south": {"uv": [16, 12, 15, 11], "texture": "#0"},
				"west": {"uv": [16, 12, 15, 11], "texture": "#0"},
				"up": {"uv": [16, 12, 15, 11], "texture": "#0"}
			}
		},
		{
			"from": [14.3, 10.175, 7.425],
			"to": [14.725, 10.45, 7.6],
			"faces": {
				"north": {"uv": [16, 12, 15, 11], "texture": "#0"},
				"east": {"uv": [16, 12, 15, 11], "texture": "#0"},
				"south": {"uv": [16, 12, 15, 11], "texture": "#0"},
				"west": {"uv": [16, 12, 15, 11], "texture": "#0"},
				"up": {"uv": [16, 12, 15, 11], "texture": "#0"}
			}
		},
		{
			"from": [13.95, 9.925, 7.425],
			"to": [15.025, 10.225, 7.6],
			"faces": {
				"north": {"uv": [16, 12, 15, 11], "texture": "#0"},
				"east": {"uv": [16, 12, 15, 11], "texture": "#0"},
				"south": {"uv": [16, 12, 15, 11], "texture": "#0"},
				"west": {"uv": [16, 12, 15, 11], "texture": "#0"},
				"up": {"uv": [16, 12, 15, 11], "texture": "#0"}
			}
		},
		{
			"from": [13.775, 9.675, 8.4],
			"to": [15.1, 9.975, 8.575],
			"faces": {
				"north": {"uv": [16, 12, 15, 11], "texture": "#0"},
				"east": {"uv": [16, 12, 15, 11], "texture": "#0"},
				"south": {"uv": [16, 12, 15, 11], "texture": "#0"},
				"west": {"uv": [16, 12, 15, 11], "texture": "#0"},
				"up": {"uv": [16, 12, 15, 11], "texture": "#0"}
			}
		},
		{
			"from": [14.3, 10.175, 8.4],
			"to": [14.725, 10.45, 8.575],
			"faces": {
				"north": {"uv": [16, 12, 15, 11], "texture": "#0"},
				"east": {"uv": [16, 12, 15, 11], "texture": "#0"},
				"south": {"uv": [16, 12, 15, 11], "texture": "#0"},
				"west": {"uv": [16, 12, 15, 11], "texture": "#0"},
				"up": {"uv": [16, 12, 15, 11], "texture": "#0"}
			}
		},
		{
			"from": [14.4, 10.4, 7.85],
			"to": [14.575, 10.55, 8.15],
			"faces": {
				"north": {"uv": [16, 12, 15, 11], "texture": "#0"},
				"east": {"uv": [16, 12, 15, 11], "texture": "#0"},
				"south": {"uv": [16, 12, 15, 11], "texture": "#0"},
				"west": {"uv": [16, 12, 15, 11], "texture": "#0"},
				"up": {"uv": [16, 12, 15, 11], "texture": "#0"}
			}
		},
		{
			"from": [14.4, 10.025, 7.85],
			"to": [14.575, 10.175, 8.15],
			"faces": {
				"north": {"uv": [16, 12, 15, 11], "texture": "#0"},
				"east": {"uv": [16, 12, 15, 11], "texture": "#0"},
				"south": {"uv": [16, 12, 15, 11], "texture": "#0"},
				"west": {"uv": [16, 12, 15, 11], "texture": "#0"},
				"up": {"uv": [16, 12, 15, 11], "texture": "#0"}
			}
		},
		{
			"from": [14.4, 10.15, 8.125],
			"to": [14.575, 10.425, 8.3],
			"faces": {
				"north": {"uv": [16, 12, 15, 11], "texture": "#0"},
				"east": {"uv": [16, 12, 15, 11], "texture": "#0"},
				"south": {"uv": [16, 12, 15, 11], "texture": "#0"},
				"west": {"uv": [16, 12, 15, 11], "texture": "#0"},
				"up": {"uv": [16, 12, 15, 11], "texture": "#0"}
			}
		},
		{
			"from": [14.4, 10.15, 7.7],
			"to": [14.575, 10.425, 7.875],
			"faces": {
				"north": {"uv": [16, 12, 15, 11], "texture": "#0"},
				"east": {"uv": [16, 12, 15, 11], "texture": "#0"},
				"south": {"uv": [16, 12, 15, 11], "texture": "#0"},
				"west": {"uv": [16, 12, 15, 11], "texture": "#0"},
				"up": {"uv": [16, 12, 15, 11], "texture": "#0"}
			}
		},
		{
			"from": [13.7, 9.925, 7.6],
			"to": [13.85, 10.025, 8.4],
			"faces": {
				"north": {"uv": [16, 12, 15, 11], "texture": "#0"},
				"east": {"uv": [16, 12, 15, 11], "texture": "#0"},
				"south": {"uv": [16, 12, 15, 11], "texture": "#0"},
				"west": {"uv": [16, 12, 15, 11], "texture": "#0"},
				"up": {"uv": [16, 12, 15, 11], "texture": "#0"}
			}
		},
		{
			"from": [13.4, 9.925, 7.6],
			"to": [13.55, 10.025, 8.4],
			"faces": {
				"north": {"uv": [16, 12, 15, 11], "texture": "#0"},
				"east": {"uv": [16, 12, 15, 11], "texture": "#0"},
				"south": {"uv": [16, 12, 15, 11], "texture": "#0"},
				"west": {"uv": [16, 12, 15, 11], "texture": "#0"},
				"up": {"uv": [16, 12, 15, 11], "texture": "#0"}
			}
		},
		{
			"from": [13.1, 9.925, 7.6],
			"to": [13.25, 10.025, 8.4],
			"faces": {
				"north": {"uv": [16, 12, 15, 11], "texture": "#0"},
				"east": {"uv": [16, 12, 15, 11], "texture": "#0"},
				"south": {"uv": [16, 12, 15, 11], "texture": "#0"},
				"west": {"uv": [16, 12, 15, 11], "texture": "#0"},
				"up": {"uv": [16, 12, 15, 11], "texture": "#0"}
			}
		},
		{
			"from": [12.8, 9.925, 7.6],
			"to": [12.95, 10.025, 8.4],
			"faces": {
				"north": {"uv": [16, 12, 15, 11], "texture": "#0"},
				"east": {"uv": [16, 12, 15, 11], "texture": "#0"},
				"south": {"uv": [16, 12, 15, 11], "texture": "#0"},
				"west": {"uv": [16, 12, 15, 11], "texture": "#0"},
				"up": {"uv": [16, 12, 15, 11], "texture": "#0"}
			}
		},
		{
			"from": [10.4, 9.925, 7.6],
			"to": [10.55, 10.025, 8.4],
			"faces": {
				"north": {"uv": [16, 12, 15, 11], "texture": "#0"},
				"east": {"uv": [16, 12, 15, 11], "texture": "#0"},
				"south": {"uv": [16, 12, 15, 11], "texture": "#0"},
				"west": {"uv": [16, 12, 15, 11], "texture": "#0"},
				"up": {"uv": [16, 12, 15, 11], "texture": "#0"}
			}
		},
		{
			"from": [10.1, 9.925, 7.6],
			"to": [10.25, 10.025, 8.4],
			"faces": {
				"north": {"uv": [16, 12, 15, 11], "texture": "#0"},
				"east": {"uv": [16, 12, 15, 11], "texture": "#0"},
				"south": {"uv": [16, 12, 15, 11], "texture": "#0"},
				"west": {"uv": [16, 12, 15, 11], "texture": "#0"},
				"up": {"uv": [16, 12, 15, 11], "texture": "#0"}
			}
		},
		{
			"from": [9.8, 9.925, 7.6],
			"to": [9.95, 10.025, 8.4],
			"faces": {
				"north": {"uv": [16, 12, 15, 11], "texture": "#0"},
				"east": {"uv": [16, 12, 15, 11], "texture": "#0"},
				"south": {"uv": [16, 12, 15, 11], "texture": "#0"},
				"west": {"uv": [16, 12, 15, 11], "texture": "#0"},
				"up": {"uv": [16, 12, 15, 11], "texture": "#0"}
			}
		},
		{
			"from": [9.5, 9.925, 7.6],
			"to": [9.65, 10.025, 8.4],
			"faces": {
				"north": {"uv": [16, 12, 15, 11], "texture": "#0"},
				"east": {"uv": [16, 12, 15, 11], "texture": "#0"},
				"south": {"uv": [16, 12, 15, 11], "texture": "#0"},
				"west": {"uv": [16, 12, 15, 11], "texture": "#0"},
				"up": {"uv": [16, 12, 15, 11], "texture": "#0"}
			}
		},
		{
			"from": [9.2, 9.925, 7.6],
			"to": [9.35, 10.025, 8.4],
			"faces": {
				"north": {"uv": [16, 12, 15, 11], "texture": "#0"},
				"east": {"uv": [16, 12, 15, 11], "texture": "#0"},
				"south": {"uv": [16, 12, 15, 11], "texture": "#0"},
				"west": {"uv": [16, 12, 15, 11], "texture": "#0"},
				"up": {"uv": [16, 12, 15, 11], "texture": "#0"}
			}
		},
		{
			"from": [8.9, 9.925, 7.6],
			"to": [9.05, 10.025, 8.4],
			"faces": {
				"north": {"uv": [16, 12, 15, 11], "texture": "#0"},
				"east": {"uv": [16, 12, 15, 11], "texture": "#0"},
				"south": {"uv": [16, 12, 15, 11], "texture": "#0"},
				"west": {"uv": [16, 12, 15, 11], "texture": "#0"},
				"up": {"uv": [16, 12, 15, 11], "texture": "#0"}
			}
		},
		{
			"from": [8.6, 9.925, 7.6],
			"to": [8.75, 10.025, 8.4],
			"faces": {
				"north": {"uv": [16, 12, 15, 11], "texture": "#0"},
				"east": {"uv": [16, 12, 15, 11], "texture": "#0"},
				"south": {"uv": [16, 12, 15, 11], "texture": "#0"},
				"west": {"uv": [16, 12, 15, 11], "texture": "#0"},
				"up": {"uv": [16, 12, 15, 11], "texture": "#0"}
			}
		},
		{
			"from": [8.3, 9.925, 7.6],
			"to": [8.45, 10.025, 8.4],
			"faces": {
				"north": {"uv": [16, 12, 15, 11], "texture": "#0"},
				"east": {"uv": [16, 12, 15, 11], "texture": "#0"},
				"south": {"uv": [16, 12, 15, 11], "texture": "#0"},
				"west": {"uv": [16, 12, 15, 11], "texture": "#0"},
				"up": {"uv": [16, 12, 15, 11], "texture": "#0"}
			}
		},
		{
			"from": [8, 9.5, 7.275],
			"to": [15.525, 9.75, 8.725],
			"faces": {
				"north": {"uv": [1, 6.25, 1.5, 6.5], "texture": "#0"},
				"east": {"uv": [7.5, 6.25, 8.5, 6.5], "texture": "#0"},
				"south": {"uv": [14.5, 6.25, 15, 6.5], "texture": "#0"},
				"west": {"uv": [7.5, 6.25, 8.5, 6.5], "texture": "#0"},
				"up": {"uv": [14.5, 7.5, 15, 8.5], "texture": "#0"}
			}
		},
		{
			"from": [15.25, 7.5, 7.075],
			"to": [16, 9.5, 8.925],
			"faces": {
				"north": {"uv": [1, 6.5, 1.75, 9], "texture": "#0"},
				"east": {"uv": [7.25, 6.5, 8.75, 9], "texture": "#0", "cullface": "east"},
				"south": {"uv": [14.25, 6.5, 15, 9], "texture": "#0"},
				"west": {"uv": [7.25, 6.5, 8.75, 9], "texture": "#0"},
				"up": {"uv": [15.25, 7.25, 16, 8.75], "texture": "#0"},
				"down": {"uv": [1.75, 8.75, 1, 7.25], "texture": "#0"}
			}
		},
		{
			"from": [16, 7.5, 7.075],
			"to": [16.5, 9.25, 8.925],
			"faces": {
				"north": {"uv": [1, 6.5, 1.75, 9], "texture": "#0"},
				"east": {"uv": [7.25, 6.5, 8.75, 9], "texture": "#0", "cullface": "east"},
				"south": {"uv": [14.25, 6.5, 15, 9], "texture": "#0"},
				"west": {"uv": [7.25, 6.5, 8.75, 9], "texture": "#0"},
				"up": {"uv": [15.25, 7.25, 16, 8.75], "texture": "#0"},
				"down": {"uv": [1.75, 8.75, 1, 7.25], "texture": "#0"}
			}
		},
		{
			"from": [16.5, 7.5, 7.075],
			"to": [17, 9, 8.925],
			"faces": {
				"north": {"uv": [1, 6.5, 1.75, 9], "texture": "#0"},
				"east": {"uv": [7.25, 6.5, 8.75, 9], "texture": "#0", "cullface": "east"},
				"south": {"uv": [14.25, 6.5, 15, 9], "texture": "#0"},
				"west": {"uv": [7.25, 6.5, 8.75, 9], "texture": "#0"},
				"up": {"uv": [15.25, 7.25, 16, 8.75], "texture": "#0"},
				"down": {"uv": [1.75, 8.75, 1, 7.25], "texture": "#0"}
			}
		},
		{
			"from": [17, 7.5, 7.075],
			"to": [17.5, 8.75, 8.925],
			"faces": {
				"north": {"uv": [1, 6.5, 1.75, 9], "texture": "#0"},
				"east": {"uv": [7.25, 6.5, 8.75, 9], "texture": "#0", "cullface": "east"},
				"south": {"uv": [14.25, 6.5, 15, 9], "texture": "#0"},
				"west": {"uv": [7.25, 6.5, 8.75, 9], "texture": "#0"},
				"up": {"uv": [15.25, 7.25, 16, 8.75], "texture": "#0"},
				"down": {"uv": [1.75, 8.75, 1, 7.25], "texture": "#0"}
			}
		},
		{
			"from": [17.5, 7.5, 7.075],
			"to": [18, 8.5, 8.925],
			"faces": {
				"north": {"uv": [1, 6.5, 1.75, 9], "texture": "#0"},
				"east": {"uv": [7.25, 6.5, 8.75, 9], "texture": "#0", "cullface": "east"},
				"south": {"uv": [14.25, 6.5, 15, 9], "texture": "#0"},
				"west": {"uv": [7.25, 6.5, 8.75, 9], "texture": "#0"},
				"up": {"uv": [15.25, 7.25, 16, 8.75], "texture": "#0"},
				"down": {"uv": [1.75, 8.75, 1, 7.25], "texture": "#0"}
			}
		},
		{
			"from": [21.275, 9.1, 7.575],
			"to": [27.025, 10.075, 8.425],
			"rotation": {"angle": -22.5, "axis": "z", "origin": [16, 18.05, 7.25]},
			"faces": {
				"north": {"uv": [15, 11.4, 15.65, 11.95], "texture": "#0", "cullface": "east"},
				"east": {"uv": [15, 11.35, 15.7, 11.9], "texture": "#0", "cullface": "east"},
				"south": {"uv": [15, 11.3, 15.75, 11.85], "texture": "#0", "cullface": "east"},
				"west": {"uv": [15, 11.35, 15.6, 11.9], "texture": "#0", "cullface": "east"},
				"up": {"uv": [15, 11.3, 15.75, 12], "texture": "#0", "cullface": "east"},
				"down": {"uv": [15, 11.3, 15.75, 12], "texture": "#0", "cullface": "east"}
			}
		},
		{
			"from": [21.75, 7, 7.25],
			"to": [22.5, 8.45, 8.75],
			"rotation": {"angle": 0, "axis": "y", "origin": [0.25, 8.875, 0]},
			"faces": {
				"north": {"uv": [5, 16, 4, 15], "texture": "#0", "cullface": "east"},
				"east": {"uv": [5, 16, 4, 15], "texture": "#0"},
				"south": {"uv": [5, 16, 4, 15], "texture": "#0", "cullface": "east"},
				"west": {"uv": [5, 16, 4, 15], "texture": "#0", "cullface": "east"},
				"up": {"uv": [5, 16, 4, 15], "texture": "#0", "cullface": "east"},
				"down": {"uv": [5, 16, 4, 15], "texture": "#0", "cullface": "east"}
			}
		},
		{
			"from": [21, 8.625, 7.5],
			"to": [21.75, 8.875, 8.5],
			"rotation": {"angle": 0, "axis": "y", "origin": [0.25, 8.875, 0]},
			"faces": {
				"north": {"uv": [5, 16, 4, 15], "texture": "#0", "cullface": "east"},
				"east": {"uv": [5, 16, 4, 15], "texture": "#0"},
				"south": {"uv": [5, 16, 4, 15], "texture": "#0", "cullface": "east"},
				"west": {"uv": [5, 16, 4, 15], "texture": "#0", "cullface": "east"},
				"up": {"uv": [4, 16, 5, 15], "texture": "#0", "cullface": "east"}
			}
		},
		{
			"from": [21, 6.625, 7.25],
			"to": [21.75, 8.625, 8.75],
			"rotation": {"angle": 0, "axis": "y", "origin": [0.25, 8.875, 0]},
			"faces": {
				"north": {"uv": [5, 16, 4, 15], "texture": "#0", "cullface": "east"},
				"east": {"uv": [5, 16, 4, 15], "texture": "#0"},
				"south": {"uv": [5, 16, 4, 15], "texture": "#0", "cullface": "east"},
				"west": {"uv": [5, 16, 4, 15], "texture": "#0", "cullface": "east"},
				"up": {"uv": [5, 16, 4, 15], "texture": "#0", "cullface": "east"},
				"down": {"uv": [5, 16, 4, 15], "texture": "#0", "cullface": "east"}
			}
		},
		{
			"from": [20.25, 8.775, 7.5],
			"to": [21, 9.025, 8.5],
			"rotation": {"angle": 0, "axis": "y", "origin": [0.25, 8.875, 0]},
			"faces": {
				"north": {"uv": [5, 16, 4, 15], "texture": "#0", "cullface": "east"},
				"east": {"uv": [5, 16, 4, 15], "texture": "#0"},
				"south": {"uv": [5, 16, 4, 15], "texture": "#0", "cullface": "east"},
				"west": {"uv": [5, 16, 4, 15], "texture": "#0", "cullface": "east"},
				"up": {"uv": [4, 16, 5, 15], "texture": "#0", "cullface": "east"}
			}
		},
		{
			"from": [20.25, 7.025, 7.25],
			"to": [21, 8.775, 8.75],
			"rotation": {"angle": 0, "axis": "y", "origin": [0.25, 8.875, 0]},
			"faces": {
				"north": {"uv": [5, 16, 4, 15], "texture": "#0", "cullface": "east"},
				"east": {"uv": [5, 16, 4, 15], "texture": "#0"},
				"south": {"uv": [5, 16, 4, 15], "texture": "#0", "cullface": "east"},
				"west": {"uv": [5, 16, 4, 15], "texture": "#0", "cullface": "east"},
				"up": {"uv": [5, 16, 4, 15], "texture": "#0", "cullface": "east"},
				"down": {"uv": [5, 16, 4, 15], "texture": "#0", "cullface": "east"}
			}
		},
		{
			"from": [18, 9.2, 7.5],
			"to": [18.75, 9.45, 8.5],
			"rotation": {"angle": 0, "axis": "y", "origin": [0.25, 8.875, 0]},
			"faces": {
				"north": {"uv": [5, 16, 4, 15], "texture": "#0", "cullface": "east"},
				"east": {"uv": [5, 16, 4, 15], "texture": "#0"},
				"south": {"uv": [5, 16, 4, 15], "texture": "#0", "cullface": "east"},
				"west": {"uv": [5, 16, 4, 15], "texture": "#0", "cullface": "east"},
				"up": {"uv": [4, 16, 5, 15], "texture": "#0", "cullface": "east"}
			}
		},
		{
			"from": [18, 8.2, 7.25],
			"to": [18.75, 9.2, 8.75],
			"rotation": {"angle": 0, "axis": "y", "origin": [0.25, 8.875, 0]},
			"faces": {
				"north": {"uv": [5, 16, 4, 15], "texture": "#0", "cullface": "east"},
				"east": {"uv": [5, 16, 4, 15], "texture": "#0"},
				"south": {"uv": [5, 16, 4, 15], "texture": "#0", "cullface": "east"},
				"west": {"uv": [5, 16, 4, 15], "texture": "#0", "cullface": "east"},
				"up": {"uv": [5, 16, 4, 15], "texture": "#0", "cullface": "east"},
				"down": {"uv": [5, 16, 4, 15], "texture": "#0", "cullface": "east"}
			}
		},
		{
			"from": [18.75, 9.05, 7.5],
			"to": [19.5, 9.3, 8.5],
			"rotation": {"angle": 0, "axis": "y", "origin": [0.25, 8.875, 0]},
			"faces": {
				"north": {"uv": [5, 16, 4, 15], "texture": "#0", "cullface": "east"},
				"east": {"uv": [5, 16, 4, 15], "texture": "#0"},
				"south": {"uv": [5, 16, 4, 15], "texture": "#0", "cullface": "east"},
				"west": {"uv": [5, 16, 4, 15], "texture": "#0", "cullface": "east"},
				"up": {"uv": [4, 16, 5, 15], "texture": "#0", "cullface": "east"}
			}
		},
		{
			"from": [18.75, 7.8, 7.25],
			"to": [19.5, 9.05, 8.75],
			"rotation": {"angle": 0, "axis": "y", "origin": [0.25, 8.875, 0]},
			"faces": {
				"north": {"uv": [5, 16, 4, 15], "texture": "#0", "cullface": "east"},
				"east": {"uv": [5, 16, 4, 15], "texture": "#0"},
				"south": {"uv": [5, 16, 4, 15], "texture": "#0", "cullface": "east"},
				"west": {"uv": [5, 16, 4, 15], "texture": "#0", "cullface": "east"},
				"up": {"uv": [5, 16, 4, 15], "texture": "#0", "cullface": "east"},
				"down": {"uv": [5, 16, 4, 15], "texture": "#0", "cullface": "east"}
			}
		},
		{
			"from": [16.5, 9.5, 7.5],
			"to": [17.25, 9.75, 8.5],
			"rotation": {"angle": 0, "axis": "y", "origin": [0.25, 8.875, 0]},
			"faces": {
				"north": {"uv": [5, 16, 4, 15], "texture": "#0", "cullface": "east"},
				"east": {"uv": [5, 16, 4, 15], "texture": "#0"},
				"south": {"uv": [5, 16, 4, 15], "texture": "#0", "cullface": "east"},
				"west": {"uv": [5, 16, 4, 15], "texture": "#0", "cullface": "east"},
				"up": {"uv": [4, 16, 5, 15], "texture": "#0", "cullface": "east"}
			}
		},
		{
			"from": [16.5, 8.75, 7.25],
			"to": [17.25, 9.5, 8.75],
			"rotation": {"angle": 0, "axis": "y", "origin": [0.25, 8.875, 0]},
			"faces": {
				"north": {"uv": [5, 16, 4, 15], "texture": "#0", "cullface": "east"},
				"east": {"uv": [5, 16, 4, 15], "texture": "#0"},
				"south": {"uv": [5, 16, 4, 15], "texture": "#0", "cullface": "east"},
				"west": {"uv": [5, 16, 4, 15], "texture": "#0", "cullface": "east"},
				"up": {"uv": [5, 16, 4, 15], "texture": "#0", "cullface": "east"},
				"down": {"uv": [5, 16, 4, 15], "texture": "#0", "cullface": "east"}
			}
		},
		{
			"from": [15.75, 9.65, 7.5],
			"to": [16.5, 9.9, 8.5],
			"rotation": {"angle": 0, "axis": "y", "origin": [0.25, 8.875, 0]},
			"faces": {
				"north": {"uv": [5, 16, 4, 15], "texture": "#0", "cullface": "east"},
				"east": {"uv": [5, 16, 4, 15], "texture": "#0"},
				"south": {"uv": [5, 16, 4, 15], "texture": "#0", "cullface": "east"},
				"west": {"uv": [5, 16, 4, 15], "texture": "#0", "cullface": "east"},
				"up": {"uv": [4, 16, 5, 15], "texture": "#0", "cullface": "east"}
			}
		},
		{
			"from": [15.75, 8.9, 7.25],
			"to": [16.5, 9.65, 8.75],
			"rotation": {"angle": 0, "axis": "y", "origin": [0.25, 8.875, 0]},
			"faces": {
				"north": {"uv": [5, 16, 4, 15], "texture": "#0", "cullface": "east"},
				"east": {"uv": [5, 16, 4, 15], "texture": "#0"},
				"south": {"uv": [5, 16, 4, 15], "texture": "#0", "cullface": "east"},
				"west": {"uv": [5, 16, 4, 15], "texture": "#0", "cullface": "east"},
				"up": {"uv": [5, 16, 4, 15], "texture": "#0", "cullface": "east"},
				"down": {"uv": [5, 16, 4, 15], "texture": "#0", "cullface": "east"}
			}
		},
		{
			"from": [17.25, 9.35, 7.5],
			"to": [18, 9.6, 8.5],
			"rotation": {"angle": 0, "axis": "y", "origin": [0.25, 8.875, 0]},
			"faces": {
				"north": {"uv": [5, 16, 4, 15], "texture": "#0", "cullface": "east"},
				"east": {"uv": [5, 16, 4, 15], "texture": "#0"},
				"south": {"uv": [5, 16, 4, 15], "texture": "#0", "cullface": "east"},
				"west": {"uv": [5, 16, 4, 15], "texture": "#0", "cullface": "east"},
				"up": {"uv": [4, 16, 5, 15], "texture": "#0", "cullface": "east"}
			}
		},
		{
			"from": [17.25, 8.35, 7.25],
			"to": [18, 9.35, 8.75],
			"rotation": {"angle": 0, "axis": "y", "origin": [0.25, 8.875, 0]},
			"faces": {
				"north": {"uv": [5, 16, 4, 15], "texture": "#0", "cullface": "east"},
				"east": {"uv": [5, 16, 4, 15], "texture": "#0"},
				"south": {"uv": [5, 16, 4, 15], "texture": "#0", "cullface": "east"},
				"west": {"uv": [5, 16, 4, 15], "texture": "#0", "cullface": "east"},
				"up": {"uv": [5, 16, 4, 15], "texture": "#0", "cullface": "east"},
				"down": {"uv": [5, 16, 4, 15], "texture": "#0", "cullface": "east"}
			}
		},
		{
			"from": [19.5, 8.925, 7.5],
			"to": [20.25, 9.175, 8.5],
			"rotation": {"angle": 0, "axis": "y", "origin": [0.25, 8.875, 0]},
			"faces": {
				"north": {"uv": [5, 16, 4, 15], "texture": "#0", "cullface": "east"},
				"east": {"uv": [5, 16, 4, 15], "texture": "#0"},
				"south": {"uv": [5, 16, 4, 15], "texture": "#0", "cullface": "east"},
				"west": {"uv": [5, 16, 4, 15], "texture": "#0", "cullface": "east"},
				"up": {"uv": [4, 16, 5, 15], "texture": "#0", "cullface": "east"}
			}
		},
		{
			"from": [19.5, 7.425, 7.25],
			"to": [20.25, 8.925, 8.75],
			"rotation": {"angle": 0, "axis": "y", "origin": [0.25, 8.875, 0]},
			"faces": {
				"north": {"uv": [5, 16, 4, 15], "texture": "#0", "cullface": "east"},
				"east": {"uv": [5, 16, 4, 15], "texture": "#0"},
				"south": {"uv": [5, 16, 4, 15], "texture": "#0", "cullface": "east"},
				"west": {"uv": [5, 16, 4, 15], "texture": "#0", "cullface": "east"},
				"up": {"uv": [5, 16, 4, 15], "texture": "#0", "cullface": "east"},
				"down": {"uv": [5, 16, 4, 15], "texture": "#0", "cullface": "east"}
			}
		},
		{
			"from": [11.7, 4.875, 7.35],
			"to": [13.675, 8.125, 8.65],
			"rotation": {"angle": 22.5, "axis": "z", "origin": [17.5, 16.325, 7.5]},
			"faces": {
				"north": {"uv": [15, 11.15, 15.8, 11.95], "texture": "#0", "cullface": "east"},
				"east": {"uv": [15, 11.15, 15.8, 11.95], "texture": "#0", "cullface": "east"},
				"south": {"uv": [15, 11.15, 15.7, 11.95], "texture": "#0", "cullface": "east"},
				"west": {"uv": [15, 11.15, 15.7, 11.95], "texture": "#0", "cullface": "east"},
				"up": {"uv": [15, 11.2, 15.8, 12], "texture": "#0", "cullface": "east"},
				"down": {"uv": [15, 11.2, 15.8, 12], "texture": "#0", "cullface": "east"}
			}
		},
		{
			"from": [11.45, 4.625, 7.35],
			"to": [13.675, 4.875, 8.65],
			"rotation": {"angle": 22.5, "axis": "z", "origin": [17.5, 16.325, 7.5]},
			"faces": {
				"north": {"uv": [15, 11.15, 15.8, 11.95], "texture": "#0", "cullface": "east"},
				"east": {"uv": [15, 11.15, 15.8, 11.95], "texture": "#0", "cullface": "east"},
				"south": {"uv": [15, 11.15, 15.7, 11.95], "texture": "#0", "cullface": "east"},
				"west": {"uv": [15, 11.15, 15.7, 11.95], "texture": "#0", "cullface": "east"},
				"up": {"uv": [15, 11.2, 15.8, 12], "texture": "#0", "cullface": "east"},
				"down": {"uv": [15, 11.2, 15.8, 12], "texture": "#0", "cullface": "east"}
			}
		},
		{
			"from": [21.75, 8.45, 7.5],
			"to": [22.5, 8.7, 8.5],
			"rotation": {"angle": 0, "axis": "y", "origin": [0.25, 8.875, 0]},
			"faces": {
				"north": {"uv": [5, 16, 4, 15], "texture": "#0", "cullface": "east"},
				"east": {"uv": [5, 16, 4, 15], "texture": "#0"},
				"south": {"uv": [5, 16, 4, 15], "texture": "#0", "cullface": "east"},
				"west": {"uv": [5, 16, 4, 15], "texture": "#0", "cullface": "east"},
				"up": {"uv": [4, 16, 5, 15], "texture": "#0", "cullface": "east"}
			}
		},
		{
			"from": [22.675, 5.05, 7.25],
			"to": [23.675, 8.3, 8.75],
			"rotation": {"angle": 0, "axis": "y", "origin": [0.5, -0.2, 0]},
			"faces": {
				"north": {"uv": [0, 7, 1, 10.25], "texture": "#0", "cullface": "east"},
				"east": {"uv": [16, 16, 15, 15], "texture": "#0", "cullface": "east"},
				"south": {"uv": [16, 7, 15, 10.25], "texture": "#0", "cullface": "east"},
				"west": {"uv": [16, 16, 15, 15], "texture": "#0", "cullface": "east"},
				"up": {"uv": [15, 7.25, 16, 8.75], "texture": "#0", "cullface": "east"},
				"down": {"uv": [1, 8.75, 0, 7.25], "texture": "#0", "cullface": "east"}
			}
		},
		{
			"from": [22.675, 4.8, 7.5],
			"to": [23.675, 8.55, 8.5],
			"rotation": {"angle": 0, "axis": "y", "origin": [0.5, -0.2, 0]},
			"faces": {
				"north": {"uv": [0, 7.5, 1, 8], "texture": "#0", "cullface": "east"},
				"east": {"uv": [16, 16, 15, 15], "texture": "#0", "cullface": "east"},
				"south": {"uv": [16, 7.5, 15, 8], "texture": "#0", "cullface": "east"},
				"west": {"uv": [16, 16, 15, 15], "texture": "#0", "cullface": "east"},
				"up": {"uv": [15, 7.5, 16, 8.5], "texture": "#0", "cullface": "east"}
			}
		},
		{
			"from": [14.775, 0.375, 7.5],
			"to": [15.025, 1.875, 8.5],
			"rotation": {"angle": 22.5, "axis": "z", "origin": [0, 0, 0]},
			"faces": {
				"north": {"uv": [16, 12, 15, 11], "texture": "#0"},
				"east": {"uv": [16, 12, 15, 11], "texture": "#0"},
				"south": {"uv": [16, 12, 15, 11], "texture": "#0"},
				"west": {"uv": [16, 12, 15, 11], "texture": "#0"},
				"down": {"uv": [15, 11, 16, 12], "texture": "#0"}
			}
		},
		{
			"from": [13.5, 6, 7.5],
			"to": [15.25, 6.25, 8.5],
			"faces": {
				"north": {"uv": [16, 12, 15, 11], "texture": "#0"},
				"east": {"uv": [16, 12, 15, 11], "texture": "#0"},
				"south": {"uv": [16, 12, 15, 11], "texture": "#0"},
				"west": {"uv": [16, 12, 15, 11], "texture": "#0"},
				"up": {"uv": [16, 12, 15, 11], "texture": "#0"},
				"down": {"uv": [15, 11, 16, 12], "texture": "#0"}
			}
		},
		{
			"from": [15.25, 6.25, 7.5],
			"to": [17, 7.25, 8.5],
			"faces": {
				"north": {"uv": [16, 12, 15, 11], "texture": "#0"},
				"east": {"uv": [16, 12, 15, 11], "texture": "#0"},
				"south": {"uv": [16, 12, 15, 11], "texture": "#0"},
				"west": {"uv": [16, 12, 15, 11], "texture": "#0"},
				"down": {"uv": [15, 11, 16, 12], "texture": "#0"}
			}
		},
		{
			"from": [17, 6.575, 7.5],
			"to": [17.675, 7.25, 8.5],
			"faces": {
				"north": {"uv": [16, 12, 15, 11], "texture": "#0"},
				"east": {"uv": [16, 12, 15, 11], "texture": "#0"},
				"south": {"uv": [16, 12, 15, 11], "texture": "#0"},
				"west": {"uv": [16, 12, 15, 11], "texture": "#0"},
				"down": {"uv": [15, 11, 16, 12], "texture": "#0"}
			}
		},
		{
			"from": [17, 6.825, 7.5],
			"to": [18, 7.25, 8.5],
			"faces": {
				"north": {"uv": [16, 12, 15, 11], "texture": "#0"},
				"east": {"uv": [16, 12, 15, 11], "texture": "#0"},
				"south": {"uv": [16, 12, 15, 11], "texture": "#0"},
				"west": {"uv": [16, 12, 15, 11], "texture": "#0"},
				"down": {"uv": [15, 11, 16, 12], "texture": "#0"}
			}
		},
		{
			"from": [14.8, 6.625, 7.75],
			"to": [15.05, 7.875, 8.25],
			"rotation": {"angle": -22.5, "axis": "z", "origin": [14.5, 7.5, 7.75]},
			"faces": {
				"north": {"uv": [0.75, 2, 1.25, 3.25], "texture": "#0"},
				"east": {"uv": [7.75, 2, 8.25, 3.25], "texture": "#0"},
				"south": {"uv": [14.75, 2, 15.25, 3.25], "texture": "#0"},
				"west": {"uv": [7.75, 2, 8.25, 3.25], "texture": "#0"},
				"down": {"uv": [1.25, 8.25, 0.75, 7.75], "texture": "#0"}
			}
		},
		{
			"from": [-7.25, 7.3, 7.425],
			"to": [-6.5, 8.45, 8.575],
			"faces": {
				"north": {"uv": [16, 6.75, 15, 8.25], "texture": "#0", "cullface": "west"},
				"east": {"uv": [7.5, 6.75, 8.5, 8.25], "texture": "#0", "cullface": "west"},
				"south": {"uv": [0, 6.75, 1, 8.25], "texture": "#0", "cullface": "west"},
				"west": {"uv": [7.5, 6.75, 8.5, 8.25], "texture": "#0", "cullface": "west"},
				"up": {"uv": [0, 7.5, 1, 9], "texture": "#0", "cullface": "west"},
				"down": {"uv": [16, 8.5, 15, 7.5], "texture": "#0", "cullface": "west"}
			}
		},
		{
			"from": [15, 6.25, 7.5],
			"to": [15.25, 6.5, 8.5],
			"faces": {
				"north": {"uv": [16, 12, 15, 11], "texture": "#0"},
				"south": {"uv": [16, 12, 15, 11], "texture": "#0"},
				"west": {"uv": [16, 12, 15, 11], "texture": "#0"},
				"up": {"uv": [16, 12, 15, 11], "texture": "#0"}
			}
		},
		{
			"from": [13.25, 7, 7.5],
			"to": [13.5, 7.25, 8.5],
			"faces": {
				"north": {"uv": [16, 12, 15, 11], "texture": "#0"},
				"east": {"uv": [16, 12, 15, 11], "texture": "#0"},
				"south": {"uv": [16, 12, 15, 11], "texture": "#0"},
				"west": {"uv": [16, 12, 15, 11], "texture": "#0"},
				"up": {"uv": [16, 12, 15, 11], "texture": "#0"},
				"down": {"uv": [16, 12, 15, 11], "texture": "#0"}
			}
		},
		{
			"from": [15, 7, 7.5],
			"to": [15.25, 7.25, 8.5],
			"faces": {
				"north": {"uv": [16, 12, 15, 11], "texture": "#0"},
				"east": {"uv": [16, 12, 15, 11], "texture": "#0"},
				"south": {"uv": [16, 12, 15, 11], "texture": "#0"},
				"west": {"uv": [16, 12, 15, 11], "texture": "#0"},
				"up": {"uv": [16, 12, 15, 11], "texture": "#0"},
				"down": {"uv": [16, 12, 15, 11], "texture": "#0"}
			}
		},
		{
			"name": "Element",
			"from": [-8.25, 9.425, 7.725],
			"to": [8.7, 9.675, 8.275],
			"faces": {
				"north": {"uv": [16, 5.75, 15, 6], "texture": "#0"},
				"east": {"uv": [7.75, 5.75, 8.25, 6], "texture": "#0"},
				"south": {"uv": [0, 5.75, 1, 6], "texture": "#0"},
				"west": {"uv": [7.75, 5.75, 8.25, 6], "texture": "#0", "cullface": "west"},
				"up": {"uv": [0, 7.75, 1, 8.75], "texture": "#0"},
				"down": {"uv": [16, 8.25, 15, 7.75], "texture": "#0"}
			}
		},
		{
			"name": "Element",
			"from": [-8.25, 8.875, 7.475],
			"to": [8.7, 9.425, 7.725],
			"faces": {
				"north": {"uv": [0, 7.75, 1, 8.25], "rotation": 180, "texture": "#0"},
				"east": {"uv": [7.75, 5.75, 8.25, 6], "rotation": 90, "texture": "#0"},
				"south": {"uv": [16, 8.25, 15, 7.75], "texture": "#0"},
				"west": {"uv": [7.75, 5.75, 8.25, 6], "rotation": 270, "texture": "#0", "cullface": "west"},
				"up": {"uv": [0, 5.75, 1, 6.5], "texture": "#0"},
				"down": {"uv": [16, 5.75, 15, 6], "rotation": 180, "texture": "#0"}
			}
		},
		{
			"name": "Element",
			"from": [-8.25, 8.875, 8.275],
			"to": [8.7, 9.425, 8.525],
			"faces": {
				"north": {"uv": [0, 7.75, 1, 8.25], "rotation": 180, "texture": "#0"},
				"east": {"uv": [7.75, 5.75, 8.25, 6], "rotation": 90, "texture": "#0"},
				"south": {"uv": [16, 8.25, 15, 7.75], "texture": "#0"},
				"west": {"uv": [7.75, 5.75, 8.25, 6], "rotation": 270, "texture": "#0", "cullface": "west"},
				"up": {"uv": [0, 5.75, 1, 6.5], "texture": "#0"},
				"down": {"uv": [16, 5.75, 15, 6], "rotation": 180, "texture": "#0"}
			}
		},
		{
			"name": "Element",
			"from": [-8.25, 8.625, 7.725],
			"to": [8.7, 8.875, 8.275],
			"faces": {
				"north": {"uv": [16, 5.75, 15, 6], "texture": "#0"},
				"east": {"uv": [7.75, 5.75, 8.25, 6], "texture": "#0"},
				"south": {"uv": [0, 5.75, 1, 6], "texture": "#0"},
				"west": {"uv": [7.75, 5.75, 8.25, 6], "texture": "#0", "cullface": "west"},
				"up": {"uv": [0, 7.75, 1, 8.75], "texture": "#0"},
				"down": {"uv": [16, 8.25, 15, 7.75], "texture": "#0"}
			}
		},
		{
			"name": "Element",
			"from": [-1.25, 8.4, 7.775],
			"to": [8.2, 8.625, 8.225],
			"faces": {
				"north": {"uv": [16, 5.75, 15, 6], "texture": "#0"},
				"east": {"uv": [7.75, 5.75, 8.25, 6], "texture": "#0"},
				"south": {"uv": [0, 5.75, 1, 6], "texture": "#0"},
				"west": {"uv": [7.75, 5.75, 8.25, 6], "texture": "#0", "cullface": "west"},
				"up": {"uv": [0, 7.75, 1, 8.75], "texture": "#0"},
				"down": {"uv": [16, 8.25, 15, 7.75], "texture": "#0"}
			}
		},
		{
			"name": "Element",
			"from": [-8.05, 7.575, 7.475],
			"to": [7.4, 8.175, 8.525],
			"faces": {
				"north": {"uv": [0, 7.75, 1, 8.25], "rotation": 180, "texture": "#0"},
				"east": {"uv": [7.75, 5.75, 8.25, 6], "rotation": 90, "texture": "#0"},
				"south": {"uv": [16, 8.25, 15, 7.75], "texture": "#0"},
				"west": {"uv": [7.75, 5.75, 8.25, 6], "rotation": 270, "texture": "#0", "cullface": "west"},
				"up": {"uv": [0, 5.75, 1, 6.5], "texture": "#0"},
				"down": {"uv": [16, 5.75, 15, 6], "rotation": 180, "texture": "#0"}
			}
		},
		{
			"from": [-8.3, 7.575, 7.7],
			"to": [-7.55, 8.175, 8.3],
			"faces": {
				"north": {"uv": [16, 7.5, 15, 8], "texture": "#0", "cullface": "west"},
				"south": {"uv": [0, 7.5, 1, 8], "texture": "#0", "cullface": "west"},
				"west": {"uv": [7.75, 7.5, 8.25, 8], "texture": "#0", "cullface": "west"},
				"up": {"uv": [0, 0, 1, 0.5], "texture": "#0"}
			}
		},
		{
			"name": "Element",
			"from": [-8.05, 7.35, 7.7],
			"to": [7.4, 8.425, 8.3],
			"faces": {
				"north": {"uv": [16, 5.75, 15, 6], "texture": "#0"},
				"east": {"uv": [7.75, 5.75, 8.25, 6], "texture": "#0"},
				"south": {"uv": [0, 5.75, 1, 6], "texture": "#0"},
				"west": {"uv": [7.75, 5.75, 8.25, 6], "texture": "#0", "cullface": "west"},
				"up": {"uv": [0, 7.75, 1, 8.75], "texture": "#0"},
				"down": {"uv": [16, 8.25, 15, 7.75], "texture": "#0"}
			}
		},
		{
			"from": [8, 7.5, 7.075],
			"to": [15.25, 9.5, 8.925],
			"faces": {
				"north": {"uv": [5.75, 7, 13, 8.5], "texture": "#0"},
				"south": {"uv": [8, 7, 15.25, 8.5], "texture": "#0"},
				"west": {"uv": [7, 7, 9, 8.5], "texture": "#0"},
				"up": {"uv": [8, 7, 15.25, 9], "texture": "#0"},
				"down": {"uv": [8, 9, 0.75, 7], "texture": "#0"}
			}
		},
		{
			"from": [-0.5, 8.3, 7.35],
			"to": [8, 9.2, 8.65],
			"faces": {
				"north": {"uv": [15, 11.45, 15.45, 11.5], "texture": "#0"},
				"east": {"uv": [15, 11.25, 15.7, 11.7], "texture": "#0"},
				"south": {"uv": [15, 11.25, 15.75, 11.5], "texture": "#0"},
				"west": {"uv": [15, 11.25, 15.8, 11.5], "texture": "#0"},
				"up": {"uv": [15, 11.2, 15.8, 11.9], "texture": "#0"},
				"down": {"uv": [15.85, 11.8, 15, 11.3], "texture": "#0"}
			}
		},
		{
			"from": [-0.5, 7.175, 7.175],
			"to": [8, 8.775, 8.825],
			"faces": {
				"north": {"uv": [15, 11.25, 15.75, 11.75], "texture": "#0"},
				"east": {"uv": [15, 11.25, 15.4, 11.75], "texture": "#0"},
				"south": {"uv": [15, 11.25, 15.65, 11.75], "texture": "#0"},
				"west": {"uv": [15, 11.25, 15.6, 11.75], "texture": "#0"},
				"up": {"uv": [15, 11, 15.7, 12], "texture": "#0"},
				"down": {"uv": [15.75, 11.75, 15, 11.25], "texture": "#0"}
			}
		},
		{
			"from": [0, 7.375, 6.975],
			"to": [7.5, 8.4, 9.025],
			"faces": {
				"north": {"uv": [15, 11.2, 15.85, 11.95], "texture": "#0"},
				"east": {"uv": [15, 11.2, 15.7, 11.95], "texture": "#0"},
				"south": {"uv": [15, 11.2, 15.85, 11.95], "texture": "#0"},
				"west": {"uv": [15, 11.2, 15.8, 11.95], "texture": "#0"},
				"up": {"uv": [15, 11.2, 15.85, 11.9], "texture": "#0"},
				"down": {"uv": [15.75, 11.9, 15, 11.3], "texture": "#0"}
			}
		},
		{
			"from": [0.25, 6.975, 7.425],
			"to": [7.25, 7.375, 8.575],
			"faces": {
				"north": {"uv": [15, 11.25, 15.4, 11.7], "texture": "#0"},
				"east": {"uv": [15, 11.25, 15.6, 11.6], "texture": "#0"},
				"south": {"uv": [15, 11.25, 15.85, 11.7], "texture": "#0"},
				"west": {"uv": [15, 11.25, 15.7, 11.6], "texture": "#0"},
				"down": {"uv": [15.65, 11.7, 15, 11.2], "texture": "#0"}
			}
		}
	],
	"gui_light": "front",
	"display": {
		"thirdperson_righthand": {
			"rotation": [0, -90, 0],
			"translation": [0, 0.75, -5.25],
			"scale": [0.85, 0.89, 0.9]
		},
		"thirdperson_lefthand": {
			"rotation": [0, 90, 0],
			"translation": [0, 0.75, -5.25],
			"scale": [0.85, 0.89, 0.9]
		},
		"firstperson_righthand": {
			"rotation": [0, -90, 0],
			"translation": [0, 3, -5.75],
			"scale": [0.95, 1, 1]
		},
		"firstperson_lefthand": {
			"rotation": [0, 90, 0],
			"translation": [0, 3, -5.75],
			"scale": [0.95, 1, 1]
		},
		"ground": {
			"translation": [0.25, 0.25, 0],
			"scale": [0.95, 1.01, 1]
		},
		"gui": {
			"rotation": [0, 0, -45],
			"translation": [0.25, 0.25, 0],
			"scale": [0.6, 0.64, 0.9]
		},
		"fixed": {
			"rotation": [0, 180, -45],
			"translation": [-0.25, 0.25, 0],
			"scale": [0.94, 1, 1]
		}
	}
}