{"credit": "Made with Blockbench", "textures": {"1": "item/pistolgun"}, "elements": [{"from": [8, 22.1, 7], "to": [11, 25.75, 12], "rotation": {"angle": 0, "axis": "x", "origin": [9.525, 14.94448, 22.45724]}, "faces": {"north": {"uv": [3.25, 3.125, 3.625, 3.625], "texture": "#1"}, "east": {"uv": [2.625, 3.125, 3.25, 3.625], "texture": "#1"}, "south": {"uv": [3.5, 0, 3.875, 0.5], "texture": "#1"}, "west": {"uv": [3.25, 2.625, 3.875, 3.125], "texture": "#1"}, "up": {"uv": [1.5, 3.75, 1.125, 3.125], "texture": "#1"}, "down": {"uv": [0.375, 3.25, 0, 3.875], "texture": "#1"}}}, {"from": [10, 24, 12], "to": [11, 25, 15], "rotation": {"angle": 0, "axis": "x", "origin": [9.525, 14.94448, 22.45724]}, "faces": {"north": {"uv": [1.875, 0.5, 2, 0.625], "texture": "#1"}, "east": {"uv": [2.375, 0.875, 2.75, 1], "texture": "#1"}, "south": {"uv": [1.875, 0.625, 2, 0.75], "texture": "#1"}, "west": {"uv": [2.375, 1.625, 2.75, 1.75], "texture": "#1"}, "up": {"uv": [1.5, 3, 1.375, 2.625], "texture": "#1"}, "down": {"uv": [1.625, 2.625, 1.5, 3], "texture": "#1"}}}, {"from": [8.5, 24, 12], "to": [10, 25.5, 16.5], "rotation": {"angle": 0, "axis": "x", "origin": [9.525, 14.94448, 22.45724]}, "faces": {"north": {"uv": [7.375, 1.5, 7.625, 1.75], "texture": "#1"}, "east": {"uv": [7.375, 0.375, 8, 0.625], "texture": "#1"}, "south": {"uv": [7.375, 1.75, 7.625, 2], "texture": "#1"}, "west": {"uv": [7.375, 0.625, 8, 0.875], "texture": "#1"}, "up": {"uv": [0.75, 8, 0.5, 7.375], "texture": "#1"}, "down": {"uv": [7.625, 0.875, 7.375, 1.5], "texture": "#1"}}}, {"from": [9, 24, -6], "to": [10, 25, 0], "rotation": {"angle": 0, "axis": "x", "origin": [9.525, 14.94448, 22.45724]}, "faces": {"north": {"uv": [2, 3.5, 2.125, 3.625], "texture": "#1"}, "east": {"uv": [3.625, 0.75, 4.5, 0.875], "texture": "#1"}, "south": {"uv": [2.125, 3.5, 2.25, 3.625], "texture": "#1"}, "west": {"uv": [3.625, 0.875, 4.5, 1], "texture": "#1"}, "up": {"uv": [1, 4.5, 0.875, 3.625], "texture": "#1"}, "down": {"uv": [1.125, 3.625, 1, 4.5], "texture": "#1"}}}, {"from": [9, 22, -6], "to": [10, 23, 0], "rotation": {"angle": 0, "axis": "x", "origin": [9.525, 14.94448, 22.45724]}, "faces": {"north": {"uv": [2, 3.5, 2.125, 3.625], "texture": "#1"}, "east": {"uv": [3.625, 0.75, 4.5, 0.875], "texture": "#1"}, "south": {"uv": [2.125, 3.5, 2.25, 3.625], "texture": "#1"}, "west": {"uv": [3.625, 0.875, 4.5, 1], "texture": "#1"}, "up": {"uv": [1, 4.5, 0.875, 3.625], "texture": "#1"}, "down": {"uv": [1.125, 3.625, 1, 4.5], "texture": "#1"}}}, {"from": [10, 22, -6], "to": [11, 25, 0], "rotation": {"angle": 0, "axis": "x", "origin": [9.525, 14.94448, 22.45724]}, "faces": {"north": {"uv": [0.625, 3.625, 0.75, 4], "texture": "#1"}, "east": {"uv": [1.75, 3.625, 2.625, 4], "texture": "#1"}, "south": {"uv": [0.75, 3.625, 0.875, 4], "texture": "#1"}, "west": {"uv": [2.625, 3.625, 3.5, 4], "texture": "#1"}, "up": {"uv": [0.5, 4.5, 0.375, 3.625], "texture": "#1"}, "down": {"uv": [0.625, 3.625, 0.5, 4.5], "texture": "#1"}}}, {"from": [8, 22, -6], "to": [9, 25, 0], "rotation": {"angle": 0, "axis": "x", "origin": [9.525, 14.94448, 22.45724]}, "faces": {"north": {"uv": [0.625, 3.625, 0.75, 4], "texture": "#1"}, "east": {"uv": [1.75, 3.625, 2.625, 4], "texture": "#1"}, "south": {"uv": [0.75, 3.625, 0.875, 4], "texture": "#1"}, "west": {"uv": [2.625, 3.625, 3.5, 4], "texture": "#1"}, "up": {"uv": [0.5, 4.5, 0.375, 3.625], "texture": "#1"}, "down": {"uv": [0.625, 3.625, 0.5, 4.5], "texture": "#1"}}}, {"from": [11, 22.1, 16], "to": [12, 23.1, 25], "rotation": {"angle": 0, "axis": "x", "origin": [9.525, 14.94448, 22.45724]}, "faces": {"north": {"uv": [1.25, 1, 1.375, 1.125], "texture": "#1"}, "east": {"uv": [1.25, 0.75, 2.375, 0.875], "texture": "#1"}, "south": {"uv": [1.375, 1, 1.5, 1.125], "texture": "#1"}, "west": {"uv": [1.25, 0.875, 2.375, 1], "texture": "#1"}, "up": {"uv": [0.125, 2.625, 0, 1.5], "texture": "#1"}, "down": {"uv": [0.25, 1.5, 0.125, 2.625], "texture": "#1"}}}, {"from": [7, 23.1, 16], "to": [12, 26, 25], "rotation": {"angle": 0, "axis": "x", "origin": [9.525, 14.94448, 22.45724]}, "faces": {"north": {"uv": [1.25, 0, 1.875, 0.375], "texture": "#1"}, "east": {"uv": [0, 1.125, 1.125, 1.5], "texture": "#1"}, "south": {"uv": [1.25, 0.375, 1.875, 0.75], "texture": "#1"}, "west": {"uv": [1.125, 1.125, 2.25, 1.5], "texture": "#1"}, "up": {"uv": [0.625, 1.125, 0, 0], "texture": "#1"}, "down": {"uv": [1.25, 0, 0.625, 1.125], "texture": "#1"}}}, {"from": [11.27478, 25.74311, 22], "to": [12.27478, 26.79311, 24], "rotation": {"angle": 0, "axis": "x", "origin": [11.77478, 25.26811, 23]}, "faces": {"north": {"uv": [2.75, 1.875, 2.875, 2], "texture": "#1"}, "east": {"uv": [2, 1.5, 2.25, 1.625], "texture": "#1"}, "south": {"uv": [2.875, 0.75, 3, 0.875], "texture": "#1"}, "west": {"uv": [2.625, 1, 2.875, 1.125], "texture": "#1"}, "up": {"uv": [2.875, 1, 2.75, 0.75], "texture": "#1"}, "down": {"uv": [2.875, 1.625, 2.75, 1.875], "texture": "#1"}}}, {"from": [10, 26.7, 22.25], "to": [11.05, 26.95, 24], "rotation": {"angle": 0, "axis": "x", "origin": [9.525, 26.2, 23]}, "faces": {"north": {"uv": [0.375, 3.375, 0.5, 3.5], "texture": "#1"}, "east": {"uv": [3.375, 0.75, 3.625, 0.875], "texture": "#1"}, "south": {"uv": [0.375, 3.5, 0.5, 3.625], "texture": "#1"}, "west": {"uv": [3.5, 0.5, 3.75, 0.625], "texture": "#1"}, "up": {"uv": [1.625, 3.5, 1.5, 3.25], "texture": "#1"}, "down": {"uv": [3.5, 0, 3.375, 0.25], "texture": "#1"}}}, {"from": [8, 25.7, 22], "to": [11.05, 26.7, 24], "rotation": {"angle": 0, "axis": "x", "origin": [9.525, 26.2, 23]}, "faces": {"north": {"uv": [3, 0.75, 3.375, 0.875], "texture": "#1"}, "east": {"uv": [1.375, 3, 1.625, 3.125], "texture": "#1"}, "south": {"uv": [3.25, 0.875, 3.625, 1], "texture": "#1"}, "west": {"uv": [2.625, 3, 2.875, 3.125], "texture": "#1"}, "up": {"uv": [3.25, 1.125, 2.875, 0.875], "texture": "#1"}, "down": {"uv": [3.375, 0, 3, 0.25], "texture": "#1"}}}, {"from": [7.48232, 25.45022, 22], "to": [8.48232, 26.50022, 24], "rotation": {"angle": 0, "axis": "x", "origin": [7.98232, 25.97522, 23]}, "faces": {"north": {"uv": [1.5, 3.125, 1.625, 3.25], "texture": "#1"}, "east": {"uv": [0, 3.125, 0.25, 3.25], "texture": "#1"}, "south": {"uv": [0.375, 3.25, 0.5, 3.375], "texture": "#1"}, "west": {"uv": [3.25, 1, 3.5, 1.125], "texture": "#1"}, "up": {"uv": [1.25, 3.125, 1.125, 2.875], "texture": "#1"}, "down": {"uv": [0.5, 3, 0.375, 3.25], "texture": "#1"}}}, {"from": [7, 22.1, 16], "to": [8, 23.1, 25], "rotation": {"angle": 0, "axis": "x", "origin": [9.525, 14.94448, 22.45724]}, "faces": {"north": {"uv": [0.25, 1.625, 0.375, 1.75], "texture": "#1"}, "east": {"uv": [0.25, 1.5, 1.375, 1.625], "texture": "#1"}, "south": {"uv": [0.375, 1.625, 0.5, 1.75], "texture": "#1"}, "west": {"uv": [1.5, 1, 2.625, 1.125], "texture": "#1"}, "up": {"uv": [1.5, 2.625, 1.375, 1.5], "texture": "#1"}, "down": {"uv": [1.625, 1.5, 1.5, 2.625], "texture": "#1"}}}, {"from": [7, 22.1, 7], "to": [8, 26, 16], "rotation": {"angle": 0, "axis": "x", "origin": [9.525, 14.94448, 22.45724]}, "faces": {"north": {"uv": [0, 2.625, 0.125, 3.125], "texture": "#1"}, "east": {"uv": [2.875, 1.625, 4, 2.125], "texture": "#1"}, "south": {"uv": [0.125, 2.625, 0.25, 3.125], "texture": "#1"}, "west": {"uv": [2.875, 2.125, 4, 2.625], "texture": "#1"}, "up": {"uv": [1.375, 3.125, 1.25, 2], "texture": "#1"}, "down": {"uv": [0.375, 2.125, 0.25, 3.25], "texture": "#1"}}}, {"from": [8, 25.1, 12], "to": [11, 26, 16], "rotation": {"angle": 0, "axis": "x", "origin": [9.525, 14.94448, 22.45724]}, "faces": {"north": {"uv": [2, 1.625, 2.375, 1.75], "texture": "#1"}, "east": {"uv": [0.625, 1.875, 1.125, 2], "texture": "#1"}, "south": {"uv": [2.375, 0.75, 2.75, 0.875], "texture": "#1"}, "west": {"uv": [0.625, 2, 1.125, 2.125], "texture": "#1"}, "up": {"uv": [3.25, 3.125, 2.875, 2.625], "texture": "#1"}, "down": {"uv": [2.625, 3, 2.25, 3.5], "texture": "#1"}}}, {"from": [11, 25, 12], "to": [12, 26, 15], "rotation": {"angle": 0, "axis": "x", "origin": [9.525, 14.94448, 22.45724]}, "faces": {"north": {"uv": [0.375, 1.75, 0.5, 1.875], "texture": "#1"}, "east": {"uv": [1.625, 1.5, 2, 1.625], "texture": "#1"}, "south": {"uv": [1, 1.75, 1.125, 1.875], "texture": "#1"}, "west": {"uv": [1.625, 1.625, 2, 1.75], "texture": "#1"}, "up": {"uv": [1.375, 2, 1.25, 1.625], "texture": "#1"}, "down": {"uv": [0.375, 1.75, 0.25, 2.125], "texture": "#1"}}}, {"from": [7, 22.1, -5], "to": [12, 26, 7], "rotation": {"angle": 0, "axis": "x", "origin": [9.525, 14.94448, 22.45724]}, "faces": {"north": {"uv": [2.25, 2, 2.875, 2.5], "texture": "#1"}, "east": {"uv": [2, 0.25, 3.5, 0.75], "texture": "#1"}, "south": {"uv": [2.25, 2.5, 2.875, 3], "texture": "#1"}, "west": {"uv": [2.25, 1.125, 3.75, 1.625], "texture": "#1"}, "up": {"uv": [2.25, 3.5, 1.625, 2], "texture": "#1"}, "down": {"uv": [1.125, 2.125, 0.5, 3.625], "texture": "#1"}}}, {"from": [9, 25.95, -4], "to": [10.05, 27.2, -2.25], "rotation": {"angle": 0, "axis": "x", "origin": [9.525, 26.2, 23]}, "faces": {"north": {"uv": [1.75, 3.5, 1.875, 3.625], "texture": "#1"}, "east": {"uv": [3.5, 0.625, 3.75, 0.75], "texture": "#1"}, "south": {"uv": [1.875, 3.5, 2, 3.625], "texture": "#1"}, "west": {"uv": [3.5, 1, 3.75, 1.125], "texture": "#1"}, "up": {"uv": [1.625, 3.75, 1.5, 3.5], "texture": "#1"}, "down": {"uv": [1.75, 3.5, 1.625, 3.75], "texture": "#1"}}}, {"from": [11, 22.1, 7], "to": [12, 24, 16], "rotation": {"angle": 0, "axis": "x", "origin": [9.525, 14.94448, 22.45724]}, "faces": {"north": {"uv": [1.875, 0.25, 2, 0.5], "texture": "#1"}, "east": {"uv": [1.625, 1.75, 2.75, 2], "texture": "#1"}, "south": {"uv": [0.5, 1.875, 0.625, 2.125], "texture": "#1"}, "west": {"uv": [1.875, 0, 3, 0.25], "texture": "#1"}, "up": {"uv": [1.25, 2.875, 1.125, 1.75], "texture": "#1"}, "down": {"uv": [0.5, 1.875, 0.375, 3], "texture": "#1"}}}, {"from": [11, 24, 15], "to": [12, 26, 16], "rotation": {"angle": 0, "axis": "x", "origin": [9.525, 14.94448, 22.45724]}, "faces": {"north": {"uv": [0.5, 1.625, 0.625, 1.875], "texture": "#1"}, "east": {"uv": [0.625, 1.625, 0.75, 1.875], "texture": "#1"}, "south": {"uv": [0.75, 1.625, 0.875, 1.875], "texture": "#1"}, "west": {"uv": [0.875, 1.625, 1, 1.875], "texture": "#1"}, "up": {"uv": [1.125, 1.75, 1, 1.625], "texture": "#1"}, "down": {"uv": [1.25, 1.625, 1.125, 1.75], "texture": "#1"}}}, {"from": [8, 26.7, 22.25], "to": [9.05, 26.95, 24], "rotation": {"angle": 0, "axis": "x", "origin": [9.525, 26.2, 23]}, "faces": {"north": {"uv": [0.375, 3.375, 0.5, 3.5], "texture": "#1"}, "east": {"uv": [3.375, 0.75, 3.625, 0.875], "texture": "#1"}, "south": {"uv": [0.375, 3.5, 0.5, 3.625], "texture": "#1"}, "west": {"uv": [3.5, 0.5, 3.75, 0.625], "texture": "#1"}, "up": {"uv": [1.625, 3.5, 1.5, 3.25], "texture": "#1"}, "down": {"uv": [3.5, 0, 3.375, 0.25], "texture": "#1"}}}, {"from": [7, 21, -5], "to": [12.05, 22, 7], "rotation": {"angle": 0, "axis": "x", "origin": [9.525, 14.94448, 22.45724]}, "faces": {"north": {"uv": [4.25, 2.625, 4.875, 2.75], "texture": "#1"}, "east": {"uv": [4.25, 0.375, 5.75, 0.5], "texture": "#1"}, "south": {"uv": [4.25, 2.75, 4.875, 2.875], "texture": "#1"}, "west": {"uv": [4.25, 1.5, 5.75, 1.625], "texture": "#1"}, "up": {"uv": [4.25, 5.5, 3.625, 4], "texture": "#1"}, "down": {"uv": [3.375, 4.125, 2.75, 5.625], "texture": "#1"}}}, {"from": [9, 20, -6], "to": [10, 21, -5], "rotation": {"angle": 0, "axis": "x", "origin": [9.525, 14.94448, 22.45724]}, "faces": {"north": {"uv": [0.25, 3.875, 0.375, 4], "texture": "#1"}, "east": {"uv": [0.125, 4, 0.25, 4.125], "texture": "#1"}, "south": {"uv": [0.25, 4, 0.375, 4.125], "texture": "#1"}, "west": {"uv": [0.625, 4, 0.75, 4.125], "texture": "#1"}, "up": {"uv": [0.875, 4.125, 0.75, 4], "texture": "#1"}, "down": {"uv": [3.25, 4, 3.125, 4.125], "texture": "#1"}}}, {"from": [8.05, 21, 10], "to": [12.1, 22, 26], "rotation": {"angle": 0, "axis": "x", "origin": [0.05, 0, 0]}, "faces": {"north": {"uv": [3.75, 1.5, 4.25, 1.625], "texture": "#1"}, "east": {"uv": [3.75, 1.25, 5.75, 1.375], "texture": "#1"}, "south": {"uv": [3.875, 0, 4.375, 0.125], "texture": "#1"}, "west": {"uv": [3.75, 1.375, 5.75, 1.5], "texture": "#1"}, "up": {"uv": [2.25, 6, 1.75, 4], "texture": "#1"}, "down": {"uv": [2.75, 4, 2.25, 6], "texture": "#1"}}}, {"from": [8, 19, -5], "to": [11.05, 21, 3], "rotation": {"angle": 0, "axis": "x", "origin": [9.525, 14.94448, 22.45724]}, "faces": {"north": {"uv": [0.125, 4.5, 0.5, 4.75], "texture": "#1"}, "east": {"uv": [4.375, 1, 5.375, 1.25], "texture": "#1"}, "south": {"uv": [0.5, 4.5, 0.875, 4.75], "texture": "#1"}, "west": {"uv": [4.375, 2.875, 5.375, 3.125], "texture": "#1"}, "up": {"uv": [4.625, 4.125, 4.25, 3.125], "texture": "#1"}, "down": {"uv": [4.625, 4.125, 4.25, 5.125], "texture": "#1"}}}, {"from": [7, 19, 3], "to": [12.05, 21, 20], "rotation": {"angle": 0, "axis": "x", "origin": [9.525, 14.94448, 22.45724]}, "faces": {"north": {"uv": [4.5, 1.875, 5.125, 2.125], "texture": "#1"}, "east": {"uv": [4.5, 0.75, 6.625, 1], "texture": "#1"}, "south": {"uv": [4.5, 2.125, 5.125, 2.375], "texture": "#1"}, "west": {"uv": [4.5, 1.625, 6.625, 1.875], "texture": "#1"}, "up": {"uv": [1.5, 6.75, 0.875, 4.625], "texture": "#1"}, "down": {"uv": [5.25, 3.125, 4.625, 5.25], "texture": "#1"}}}, {"from": [7, 20, 20], "to": [12.05, 21, 25], "rotation": {"angle": 0, "axis": "x", "origin": [9.525, 14.94448, 22.45724]}, "faces": {"north": {"uv": [4.5, 2.375, 5.125, 2.5], "texture": "#1"}, "east": {"uv": [4.625, 0.5, 5.25, 0.625], "texture": "#1"}, "south": {"uv": [4.625, 0.625, 5.25, 0.75], "texture": "#1"}, "west": {"uv": [4.875, 0, 5.5, 0.125], "texture": "#1"}, "up": {"uv": [0.75, 5.375, 0.125, 4.75], "texture": "#1"}, "down": {"uv": [5.75, 1.875, 5.125, 2.5], "texture": "#1"}}}, {"from": [7.5, 18, 20], "to": [11.55, 21, 23.5], "rotation": {"angle": 22.5, "axis": "x", "origin": [9.525, 19, 21.75]}, "faces": {"north": {"uv": [5.25, 4.625, 5.75, 5], "texture": "#1"}, "east": {"uv": [4.75, 5.25, 5.25, 5.625], "texture": "#1"}, "south": {"uv": [5.25, 5, 5.75, 5.375], "texture": "#1"}, "west": {"uv": [0, 5.375, 0.5, 5.75], "texture": "#1"}, "up": {"uv": [5.75, 4.625, 5.25, 4.125], "texture": "#1"}, "down": {"uv": [4.75, 5.25, 4.25, 5.75], "texture": "#1"}}}, {"from": [7.5, 5.11629, 18.05729], "to": [11.55, 6.01629, 25.05729], "rotation": {"angle": -22.5, "axis": "x", "origin": [9.525, 7.61629, 23.05729]}, "faces": {"north": {"uv": [6.875, 2.75, 7.375, 2.875], "texture": "#1"}, "east": {"uv": [6.75, 4.25, 7.625, 4.375], "texture": "#1"}, "south": {"uv": [6.875, 4.375, 7.375, 4.5], "texture": "#1"}, "west": {"uv": [2.75, 6.875, 3.625, 7], "texture": "#1"}, "up": {"uv": [1.875, 7.75, 1.375, 6.875], "texture": "#1"}, "down": {"uv": [2.375, 6.875, 1.875, 7.75], "texture": "#1"}}}, {"from": [7.75, 17, 20.5], "to": [11.3, 19, 23.5], "rotation": {"angle": 0, "axis": "x", "origin": [9.525, 14.94448, 22.45724]}, "faces": {"north": {"uv": [5.75, 0.25, 6.25, 0.5], "texture": "#1"}, "east": {"uv": [0.5, 5.375, 0.875, 5.625], "texture": "#1"}, "south": {"uv": [5.75, 2.25, 6.25, 2.5], "texture": "#1"}, "west": {"uv": [3.875, 5.5, 4.25, 5.75], "texture": "#1"}, "up": {"uv": [6.25, 1.5, 5.75, 1.125], "texture": "#1"}, "down": {"uv": [6.25, 1.875, 5.75, 2.25], "texture": "#1"}}}, {"from": [7.3, 17, 11], "to": [11.75, 19, 20.5], "rotation": {"angle": 0, "axis": "x", "origin": [9.525, 14.94448, 22.45724]}, "faces": {"north": {"uv": [5.5, 0, 6, 0.25], "texture": "#1"}, "east": {"uv": [5.375, 2.5, 6.625, 2.75], "texture": "#1"}, "south": {"uv": [0, 5.75, 0.5, 6], "texture": "#1"}, "west": {"uv": [5.375, 2.875, 6.625, 3.125], "texture": "#1"}, "up": {"uv": [3.25, 6.875, 2.75, 5.625], "texture": "#1"}, "down": {"uv": [5.25, 5.625, 4.75, 6.875], "texture": "#1"}}}, {"from": [7.5, 18, 3], "to": [11.55, 19, 11], "rotation": {"angle": 0, "axis": "x", "origin": [9.525, 14.94448, 22.45724]}, "faces": {"north": {"uv": [5.25, 0.625, 5.75, 0.75], "texture": "#1"}, "east": {"uv": [4.875, 2.75, 5.875, 2.875], "texture": "#1"}, "south": {"uv": [5.375, 1, 5.875, 1.125], "texture": "#1"}, "west": {"uv": [5.25, 0.5, 6.25, 0.625], "texture": "#1"}, "up": {"uv": [5.75, 6.375, 5.25, 5.375], "texture": "#1"}, "down": {"uv": [3.875, 5.5, 3.375, 6.5], "texture": "#1"}}}, {"from": [7.25, 19, 20], "to": [11.8, 20, 23.5], "rotation": {"angle": 0, "axis": "x", "origin": [9.525, 14.94448, 22.45724]}, "faces": {"north": {"uv": [4.875, 0.125, 5.5, 0.25], "texture": "#1"}, "east": {"uv": [4.875, 2.5, 5.375, 2.625], "texture": "#1"}, "south": {"uv": [4.875, 0.25, 5.5, 0.375], "texture": "#1"}, "west": {"uv": [4.875, 2.625, 5.375, 2.75], "texture": "#1"}, "up": {"uv": [5.875, 3.625, 5.25, 3.125], "texture": "#1"}, "down": {"uv": [5.875, 3.625, 5.25, 4.125], "texture": "#1"}}}, {"from": [7.75, 10.11629, 16.55729], "to": [11.3, 11.11629, 19.05729], "rotation": {"angle": -22.5, "axis": "x", "origin": [9.525, 7.61629, 23.05729]}, "faces": {"north": {"uv": [6.25, 2.375, 6.75, 2.5], "texture": "#1"}, "east": {"uv": [4.25, 5.125, 4.625, 5.25], "texture": "#1"}, "south": {"uv": [6.375, 2.75, 6.875, 2.875], "texture": "#1"}, "west": {"uv": [5.375, 1.125, 5.75, 1.25], "texture": "#1"}, "up": {"uv": [7, 6.875, 6.5, 6.5], "texture": "#1"}, "down": {"uv": [7.125, 0, 6.625, 0.375], "texture": "#1"}}}, {"from": [7.75, 7.11629, 17.05729], "to": [11.3, 10.11629, 20.05729], "rotation": {"angle": -22.5, "axis": "x", "origin": [9.525, 7.61629, 23.05729]}, "faces": {"north": {"uv": [6.625, 0.375, 7.125, 0.75], "texture": "#1"}, "east": {"uv": [5.25, 6.625, 5.625, 7], "texture": "#1"}, "south": {"uv": [6.625, 0.75, 7.125, 1.125], "texture": "#1"}, "west": {"uv": [6.75, 1.5, 7.125, 1.875], "texture": "#1"}, "up": {"uv": [7.125, 1.5, 6.625, 1.125], "texture": "#1"}, "down": {"uv": [1.375, 6.75, 0.875, 7.125], "texture": "#1"}}}, {"from": [7.75, 6.11629, 16.05729], "to": [11.3, 7.11629, 19.05729], "rotation": {"angle": -22.5, "axis": "x", "origin": [9.525, 7.61629, 23.05729]}, "faces": {"north": {"uv": [6.375, 4.375, 6.875, 4.5], "texture": "#1"}, "east": {"uv": [5.875, 1, 6.25, 1.125], "texture": "#1"}, "south": {"uv": [6.625, 2.625, 7.125, 2.75], "texture": "#1"}, "west": {"uv": [5.875, 4, 6.25, 4.125], "texture": "#1"}, "up": {"uv": [7.25, 2.625, 6.75, 2.25], "texture": "#1"}, "down": {"uv": [7.25, 3.875, 6.75, 4.25], "texture": "#1"}}}, {"from": [7.75, 11.11629, 17.05729], "to": [11.3, 14.11629, 20.05729], "rotation": {"angle": -22.5, "axis": "x", "origin": [9.525, 7.61629, 23.05729]}, "faces": {"north": {"uv": [6.5, 1.875, 7, 2.25], "texture": "#1"}, "east": {"uv": [5.75, 6.5, 6.125, 6.875], "texture": "#1"}, "south": {"uv": [6.5, 3.125, 7, 3.5], "texture": "#1"}, "west": {"uv": [6.125, 6.5, 6.5, 6.875], "texture": "#1"}, "up": {"uv": [3.875, 6.875, 3.375, 6.5], "texture": "#1"}, "down": {"uv": [7, 3.5, 6.5, 3.875], "texture": "#1"}}}, {"from": [8.5, 14, 4], "to": [10.55, 19, 5], "rotation": {"angle": 0, "axis": "x", "origin": [9.525, 14.94448, 22.45724]}, "faces": {"north": {"uv": [0.875, 7.125, 1.125, 7.75], "texture": "#1"}, "east": {"uv": [1.125, 7.125, 1.25, 7.75], "texture": "#1"}, "south": {"uv": [7.125, 1, 7.375, 1.625], "texture": "#1"}, "west": {"uv": [1.25, 7.125, 1.375, 7.75], "texture": "#1"}, "up": {"uv": [7.375, 1.75, 7.125, 1.625], "texture": "#1"}, "down": {"uv": [7.375, 1.75, 7.125, 1.875], "texture": "#1"}}}, {"from": [8.5, 13, 11], "to": [10.55, 14, 14.25], "rotation": {"angle": 0, "axis": "x", "origin": [9.525, 14.94448, 22.45724]}, "faces": {"north": {"uv": [5.5, 0.25, 5.75, 0.375], "texture": "#1"}, "east": {"uv": [7, 1.875, 7.375, 2], "texture": "#1"}, "south": {"uv": [6.5, 2.25, 6.75, 2.375], "texture": "#1"}, "west": {"uv": [7, 2, 7.375, 2.125], "texture": "#1"}, "up": {"uv": [3.875, 7.25, 3.625, 6.875], "texture": "#1"}, "down": {"uv": [0.75, 7, 0.5, 7.375], "texture": "#1"}}}, {"from": [7.75, 14.11629, 18.05729], "to": [11.3, 21.11629, 20.05729], "rotation": {"angle": -22.5, "axis": "x", "origin": [9.525, 7.61629, 23.05729]}, "faces": {"north": {"uv": [0, 6, 0.5, 6.875], "texture": "#1"}, "east": {"uv": [2, 6, 2.25, 6.875], "texture": "#1"}, "south": {"uv": [1.5, 6, 2, 6.875], "texture": "#1"}, "west": {"uv": [2.25, 6, 2.5, 6.875], "texture": "#1"}, "up": {"uv": [6.375, 4, 5.875, 3.75], "texture": "#1"}, "down": {"uv": [6.5, 0, 6, 0.25], "texture": "#1"}}}, {"from": [8.5, 13, 3.5], "to": [10.55, 14, 11], "rotation": {"angle": 0, "axis": "x", "origin": [9.525, 14.94448, 22.45724]}, "faces": {"north": {"uv": [7, 6.75, 7.25, 6.875], "texture": "#1"}, "east": {"uv": [7, 6.5, 8, 6.625], "texture": "#1"}, "south": {"uv": [0.25, 7.125, 0.5, 7.25], "texture": "#1"}, "west": {"uv": [7, 6.625, 8, 6.75], "texture": "#1"}, "up": {"uv": [0.25, 8.125, 0, 7.125], "texture": "#1"}, "down": {"uv": [7.375, 0, 7.125, 1], "texture": "#1"}}}, {"from": [8.5, 14, 12], "to": [10.55, 15, 19], "rotation": {"angle": 0, "axis": "x", "origin": [9.525, 14.94448, 22.45724]}, "faces": {"north": {"uv": [7.125, 3, 7.375, 3.125], "texture": "#1"}, "east": {"uv": [7.125, 2.625, 8, 2.75], "texture": "#1"}, "south": {"uv": [4.125, 7.125, 4.375, 7.25], "texture": "#1"}, "west": {"uv": [7.125, 2.875, 8, 3], "texture": "#1"}, "up": {"uv": [3.625, 8, 3.375, 7.125], "texture": "#1"}, "down": {"uv": [4.125, 7.125, 3.875, 8], "texture": "#1"}}}, {"from": [8.5, 15, 12.5], "to": [10.55, 17, 19], "rotation": {"angle": 0, "axis": "x", "origin": [9.525, 14.94448, 22.45724]}, "faces": {"north": {"uv": [5.375, 7.125, 5.625, 7.375], "texture": "#1"}, "east": {"uv": [7.125, 4.5, 8, 4.75], "texture": "#1"}, "south": {"uv": [7.125, 5.875, 7.375, 6.125], "texture": "#1"}, "west": {"uv": [7.125, 4.75, 8, 5], "texture": "#1"}, "up": {"uv": [7.375, 5.875, 7.125, 5], "texture": "#1"}, "down": {"uv": [5.375, 7.125, 5.125, 8], "texture": "#1"}}}, {"from": [7.75, 6.19448, 22.20724], "to": [11.3, 17.44448, 24.20724], "rotation": {"angle": -22.5, "axis": "x", "origin": [9.525, 14.94448, 22.45724]}, "faces": {"north": {"uv": [3.875, 5.75, 4.375, 7.125], "texture": "#1"}, "east": {"uv": [1.5, 4.625, 1.75, 6], "texture": "#1"}, "south": {"uv": [5.75, 4.125, 6.25, 5.5], "texture": "#1"}, "west": {"uv": [0.5, 5.625, 0.75, 7], "texture": "#1"}, "up": {"uv": [6.25, 5.75, 5.75, 5.5], "texture": "#1"}, "down": {"uv": [6.25, 5.75, 5.75, 6], "texture": "#1"}}}, {"from": [11.25, 6.44448, 15.95724], "to": [11.8, 14.44448, 23.20724], "rotation": {"angle": -22.5, "axis": "x", "origin": [9.525, 14.94448, 22.45724]}, "faces": {"north": {"uv": [0.75, 6.375, 0.875, 7.375], "texture": "#1"}, "east": {"uv": [6.25, 4.5, 7.125, 5.5], "texture": "#1"}, "south": {"uv": [6.375, 3.125, 6.5, 4.125], "texture": "#1"}, "west": {"uv": [6.25, 5.5, 7.125, 6.5], "texture": "#1"}, "up": {"uv": [4.5, 7.25, 4.375, 6.375], "texture": "#1"}, "down": {"uv": [4.625, 6.375, 4.5, 7.25], "texture": "#1"}}}, {"from": [7.25, 6.44448, 15.95724], "to": [7.8, 14.44448, 23.20724], "rotation": {"angle": -22.5, "axis": "x", "origin": [9.525, 14.94448, 22.45724]}, "faces": {"north": {"uv": [0.75, 6.375, 0.875, 7.375], "texture": "#1"}, "east": {"uv": [6.25, 4.5, 7.125, 5.5], "texture": "#1"}, "south": {"uv": [6.375, 3.125, 6.5, 4.125], "texture": "#1"}, "west": {"uv": [6.25, 5.5, 7.125, 6.5], "texture": "#1"}, "up": {"uv": [4.5, 7.25, 4.375, 6.375], "texture": "#1"}, "down": {"uv": [4.625, 6.375, 4.5, 7.25], "texture": "#1"}}}, {"from": [11.25, 14.44448, 15.95724], "to": [11.8, 16.44448, 19.20724], "rotation": {"angle": -22.5, "axis": "x", "origin": [9.525, 14.94448, 22.45724]}, "faces": {"north": {"uv": [6.5, 0.375, 6.625, 0.625], "texture": "#1"}, "east": {"uv": [6.375, 4.125, 6.75, 4.375], "texture": "#1"}, "south": {"uv": [6.5, 1, 6.625, 1.25], "texture": "#1"}, "west": {"uv": [5.25, 6.375, 5.625, 6.625], "texture": "#1"}, "up": {"uv": [5.75, 6.75, 5.625, 6.375], "texture": "#1"}, "down": {"uv": [6.625, 0, 6.5, 0.375], "texture": "#1"}}}, {"from": [7.25, 14.44448, 15.95724], "to": [7.8, 16.44448, 19.20724], "rotation": {"angle": -22.5, "axis": "x", "origin": [9.525, 14.94448, 22.45724]}, "faces": {"north": {"uv": [6.5, 0.375, 6.625, 0.625], "texture": "#1"}, "east": {"uv": [6.375, 4.125, 6.75, 4.375], "texture": "#1"}, "south": {"uv": [6.5, 1, 6.625, 1.25], "texture": "#1"}, "west": {"uv": [5.25, 6.375, 5.625, 6.625], "texture": "#1"}, "up": {"uv": [5.75, 6.75, 5.625, 6.375], "texture": "#1"}, "down": {"uv": [6.625, 0, 6.5, 0.375], "texture": "#1"}}}, {"from": [7.25, 14.44448, 19.15724], "to": [7.8, 15.44448, 23.20724], "rotation": {"angle": -22.5, "axis": "x", "origin": [9.525, 14.94448, 22.45724]}, "faces": {"north": {"uv": [0.875, 4.5, 1, 4.625], "texture": "#1"}, "east": {"uv": [5.875, 2.75, 6.375, 2.875], "texture": "#1"}, "south": {"uv": [1, 4.5, 1.125, 4.625], "texture": "#1"}, "west": {"uv": [6.25, 1.5, 6.75, 1.625], "texture": "#1"}, "up": {"uv": [6.5, 1.5, 6.375, 1], "texture": "#1"}, "down": {"uv": [4.75, 6.375, 4.625, 6.875], "texture": "#1"}}}, {"from": [11.25, 14.44448, 19.15724], "to": [11.8, 15.44448, 23.20724], "rotation": {"angle": -22.5, "axis": "x", "origin": [9.525, 14.94448, 22.45724]}, "faces": {"north": {"uv": [0.875, 4.5, 1, 4.625], "texture": "#1"}, "east": {"uv": [5.875, 2.75, 6.375, 2.875], "texture": "#1"}, "south": {"uv": [1, 4.5, 1.125, 4.625], "texture": "#1"}, "west": {"uv": [6.25, 1.5, 6.75, 1.625], "texture": "#1"}, "up": {"uv": [6.5, 1.5, 6.375, 1], "texture": "#1"}, "down": {"uv": [4.75, 6.375, 4.625, 6.875], "texture": "#1"}}}, {"from": [7.5, 15, 17.5], "to": [8.55, 17, 21], "rotation": {"angle": 0, "axis": "x", "origin": [9.525, 14.94448, 22.45724]}, "faces": {"north": {"uv": [6.5, 1.25, 6.625, 1.5], "texture": "#1"}, "east": {"uv": [6.625, 2.875, 7.125, 3.125], "texture": "#1"}, "south": {"uv": [6.5, 3.875, 6.625, 4.125], "texture": "#1"}, "west": {"uv": [0, 6.875, 0.5, 7.125], "texture": "#1"}, "up": {"uv": [2.625, 7, 2.5, 6.5], "texture": "#1"}, "down": {"uv": [2.75, 6.5, 2.625, 7], "texture": "#1"}}}, {"from": [10.5, 15, 17.5], "to": [11.55, 17, 21], "rotation": {"angle": 0, "axis": "x", "origin": [9.525, 14.94448, 22.45724]}, "faces": {"north": {"uv": [6.5, 1.25, 6.625, 1.5], "texture": "#1"}, "east": {"uv": [6.625, 2.875, 7.125, 3.125], "texture": "#1"}, "south": {"uv": [6.5, 3.875, 6.625, 4.125], "texture": "#1"}, "west": {"uv": [0, 6.875, 0.5, 7.125], "texture": "#1"}, "up": {"uv": [2.625, 7, 2.5, 6.5], "texture": "#1"}, "down": {"uv": [2.75, 6.5, 2.625, 7], "texture": "#1"}}}, {"from": [11.6, 14.1, 17.5], "to": [12.15, 15.1, 21.25], "rotation": {"angle": 0, "axis": "x", "origin": [9.525, 14.94448, 22.45724]}, "faces": {"north": {"uv": [4.25, 2.875, 4.375, 3], "texture": "#1"}, "east": {"uv": [5.75, 0.625, 6.25, 0.75], "texture": "#1"}, "south": {"uv": [0.75, 4.375, 0.875, 4.5], "texture": "#1"}, "west": {"uv": [5.75, 1.5, 6.25, 1.625], "texture": "#1"}, "up": {"uv": [3.375, 6.625, 3.25, 6.125], "texture": "#1"}, "down": {"uv": [6.375, 1, 6.25, 1.5], "texture": "#1"}}}, {"from": [6.95, 14.1, 17.5], "to": [7.5, 15.1, 21.25], "rotation": {"angle": 0, "axis": "x", "origin": [0.5, 0, 0]}, "faces": {"north": {"uv": [4.25, 2.875, 4.375, 3], "texture": "#1"}, "east": {"uv": [5.75, 0.625, 6.25, 0.75], "texture": "#1"}, "south": {"uv": [0.75, 4.375, 0.875, 4.5], "texture": "#1"}, "west": {"uv": [5.75, 1.5, 6.25, 1.625], "texture": "#1"}, "up": {"uv": [3.375, 6.625, 3.25, 6.125], "texture": "#1"}, "down": {"uv": [6.375, 1, 6.25, 1.5], "texture": "#1"}}}, {"from": [10.6, 14, 20.5], "to": [11.65, 19, 23], "rotation": {"angle": 0, "axis": "x", "origin": [9.525, 14.94448, 22.45724]}, "faces": {"north": {"uv": [3.5, 4.625, 3.625, 5.25], "texture": "#1"}, "east": {"uv": [4.375, 5.75, 4.75, 6.375], "texture": "#1"}, "south": {"uv": [0.75, 4.75, 0.875, 5.375], "texture": "#1"}, "west": {"uv": [5.875, 3.125, 6.25, 3.75], "texture": "#1"}, "up": {"uv": [0.375, 4.5, 0.25, 4.125], "texture": "#1"}, "down": {"uv": [0.75, 4.125, 0.625, 4.5], "texture": "#1"}}}, {"from": [7.4, 14, 20.5], "to": [8.45, 19, 23], "rotation": {"angle": 0, "axis": "x", "origin": [0.7, 0, -1]}, "faces": {"north": {"uv": [3.5, 4.625, 3.625, 5.25], "texture": "#1"}, "east": {"uv": [4.375, 5.75, 4.75, 6.375], "texture": "#1"}, "south": {"uv": [0.75, 4.75, 0.875, 5.375], "texture": "#1"}, "west": {"uv": [5.875, 3.125, 6.25, 3.75], "texture": "#1"}, "up": {"uv": [0.375, 4.5, 0.25, 4.125], "texture": "#1"}, "down": {"uv": [0.75, 4.125, 0.625, 4.5], "texture": "#1"}}}, {"from": [10.6, 14, 20.5], "to": [11.65, 19, 23], "rotation": {"angle": 0, "axis": "x", "origin": [9.525, 14.94448, 22.45724]}, "faces": {"north": {"uv": [3.5, 4.625, 3.625, 5.25], "texture": "#1"}, "east": {"uv": [4.375, 5.75, 4.75, 6.375], "texture": "#1"}, "south": {"uv": [0.75, 4.75, 0.875, 5.375], "texture": "#1"}, "west": {"uv": [5.875, 3.125, 6.25, 3.75], "texture": "#1"}, "up": {"uv": [0.375, 4.5, 0.25, 4.125], "texture": "#1"}, "down": {"uv": [0.75, 4.125, 0.625, 4.5], "texture": "#1"}}}, {"from": [10.6, 14, 16.5], "to": [11.65, 18, 18], "rotation": {"angle": 0, "axis": "x", "origin": [9.525, 14.94448, 22.45724]}, "faces": {"north": {"uv": [0.75, 5.625, 0.875, 6.125], "texture": "#1"}, "east": {"uv": [6, 6, 6.25, 6.5], "texture": "#1"}, "south": {"uv": [3.25, 5.625, 3.375, 6.125], "texture": "#1"}, "west": {"uv": [6.25, 0.25, 6.5, 0.75], "texture": "#1"}, "up": {"uv": [3.625, 5.5, 3.5, 5.25], "texture": "#1"}, "down": {"uv": [0.875, 6.125, 0.75, 6.375], "texture": "#1"}}}, {"from": [7.4, 14, 16.5], "to": [8.45, 18, 18], "rotation": {"angle": 0, "axis": "x", "origin": [9.525, 14.94448, 22.45724]}, "faces": {"north": {"uv": [0.75, 5.625, 0.875, 6.125], "texture": "#1"}, "east": {"uv": [6, 6, 6.25, 6.5], "texture": "#1"}, "south": {"uv": [3.25, 5.625, 3.375, 6.125], "texture": "#1"}, "west": {"uv": [6.25, 0.25, 6.5, 0.75], "texture": "#1"}, "up": {"uv": [3.625, 5.5, 3.5, 5.25], "texture": "#1"}, "down": {"uv": [0.875, 6.125, 0.75, 6.375], "texture": "#1"}}}, {"from": [11.25, 16.44448, 15.95724], "to": [11.55, 20.44448, 18.20724], "rotation": {"angle": -22.5, "axis": "x", "origin": [9.525, 14.94448, 22.45724]}, "faces": {"north": {"uv": [0, 4.875, 0.125, 5.375], "texture": "#1"}, "east": {"uv": [2.5, 6, 2.75, 6.5], "texture": "#1"}, "south": {"uv": [3.375, 5, 3.5, 5.5], "texture": "#1"}, "west": {"uv": [5.75, 6, 6, 6.5], "texture": "#1"}, "up": {"uv": [0.875, 4.375, 0.75, 4.125], "texture": "#1"}, "down": {"uv": [0.25, 4.25, 0.125, 4.5], "texture": "#1"}}}, {"from": [7.5, 16.44448, 15.95724], "to": [7.8, 20.44448, 18.20724], "rotation": {"angle": -22.5, "axis": "x", "origin": [9.525, 14.94448, 22.45724]}, "faces": {"north": {"uv": [0, 4.875, 0.125, 5.375], "texture": "#1"}, "east": {"uv": [2.5, 6, 2.75, 6.5], "texture": "#1"}, "south": {"uv": [3.375, 5, 3.5, 5.5], "texture": "#1"}, "west": {"uv": [5.75, 6, 6, 6.5], "texture": "#1"}, "up": {"uv": [0.875, 4.375, 0.75, 4.125], "texture": "#1"}, "down": {"uv": [0.25, 4.25, 0.125, 4.5], "texture": "#1"}}}, {"from": [8, 21, 26], "to": [11.05, 22, 27], "rotation": {"angle": 0, "axis": "x", "origin": [9.525, 14.94448, 22.45724]}, "faces": {"north": {"uv": [3.875, 0.375, 4.25, 0.5], "texture": "#1"}, "east": {"uv": [2.5, 3.5, 2.625, 3.625], "texture": "#1"}, "south": {"uv": [3.875, 2.625, 4.25, 2.75], "texture": "#1"}, "west": {"uv": [0.125, 3.875, 0.25, 4], "texture": "#1"}, "up": {"uv": [4.25, 2.875, 3.875, 2.75], "texture": "#1"}, "down": {"uv": [4.25, 2.875, 3.875, 3], "texture": "#1"}}}, {"from": [7, 21, 18], "to": [8.05, 22, 26], "rotation": {"angle": 0, "axis": "x", "origin": [9.525, 14.94448, 22.45724]}, "faces": {"north": {"uv": [2.25, 3.5, 2.375, 3.625], "texture": "#1"}, "east": {"uv": [3.875, 0.125, 4.875, 0.25], "texture": "#1"}, "south": {"uv": [2.375, 3.5, 2.5, 3.625], "texture": "#1"}, "west": {"uv": [3.875, 0.25, 4.875, 0.375], "texture": "#1"}, "up": {"uv": [3.625, 4.625, 3.5, 3.625], "texture": "#1"}, "down": {"uv": [0.125, 3.875, 0, 4.875], "texture": "#1"}}}, {"from": [7, 21, 10], "to": [8.05, 22, 13.9], "rotation": {"angle": 0, "axis": "x", "origin": [9.525, 14.94448, 22.45724]}, "faces": {"north": {"uv": [3.25, 4, 3.375, 4.125], "texture": "#1"}, "east": {"uv": [4.375, 0, 4.875, 0.125], "texture": "#1"}, "south": {"uv": [0.125, 4.125, 0.25, 4.25], "texture": "#1"}, "west": {"uv": [4.375, 2.5, 4.875, 2.625], "texture": "#1"}, "up": {"uv": [3.5, 4.5, 3.375, 4], "texture": "#1"}, "down": {"uv": [3.5, 4.5, 3.375, 5], "texture": "#1"}}}, {"from": [6.75, 20.75, 14.2], "to": [8.05, 22, 17.65], "rotation": {"angle": 0, "axis": "x", "origin": [9.525, 14.94448, 22.45724]}, "faces": {"north": {"uv": [5.625, 6.75, 5.75, 6.875], "texture": "#1"}, "east": {"uv": [7.125, 6.375, 7.5, 6.5], "texture": "#1"}, "south": {"uv": [2.375, 6.875, 2.5, 7], "texture": "#1"}, "west": {"uv": [7.25, 2.5, 7.625, 2.625], "texture": "#1"}, "up": {"uv": [4.25, 7.625, 4.125, 7.25], "texture": "#1"}, "down": {"uv": [4.375, 7.25, 4.25, 7.625], "texture": "#1"}}}, {"from": [6.75, 19.85, 14.1], "to": [8.05, 20.35, 17.75], "rotation": {"angle": 0, "axis": "x", "origin": [9.525, 14.94448, 22.45724]}, "faces": {"north": {"uv": [5.125, 6.875, 5.25, 7], "texture": "#1"}, "east": {"uv": [7.25, 4.125, 7.75, 4.25], "texture": "#1"}, "south": {"uv": [7.25, 6.25, 7.375, 6.375], "texture": "#1"}, "west": {"uv": [7.25, 6.125, 7.75, 6.25], "texture": "#1"}, "up": {"uv": [4.5, 7.75, 4.375, 7.25], "texture": "#1"}, "down": {"uv": [4.625, 7.25, 4.5, 7.75], "texture": "#1"}}}, {"from": [7.5, 6.01248, 19.03816], "to": [11.55, 12.06248, 25.03816], "rotation": {"angle": -22.5, "axis": "x", "origin": [9.525, 7.66248, 23.03816]}, "faces": {"north": {"uv": [4.625, 6.875, 5.125, 7.625], "texture": "#1"}, "east": {"uv": [5.625, 6.875, 6.375, 7.625], "texture": "#1"}, "south": {"uv": [2.375, 7, 2.875, 7.75], "texture": "#1"}, "west": {"uv": [6.375, 6.875, 7.125, 7.625], "texture": "#1"}, "up": {"uv": [3.375, 7.75, 2.875, 7], "texture": "#1"}, "down": {"uv": [7.5, 3.125, 7, 3.875], "texture": "#1"}}}, {"from": [8.5, 13.5, 14.25], "to": [10.55, 14, 15.3], "rotation": {"angle": 0, "axis": "x", "origin": [0, 0, 0.05]}, "faces": {"north": {"uv": [7, 2.125, 7.25, 2.25], "texture": "#1"}, "east": {"uv": [6.25, 3.625, 6.375, 3.75], "texture": "#1"}, "south": {"uv": [3.375, 7, 3.625, 7.125], "texture": "#1"}, "west": {"uv": [6.5, 0.625, 6.625, 0.75], "texture": "#1"}, "up": {"uv": [5.375, 7.125, 5.125, 7], "texture": "#1"}, "down": {"uv": [5.625, 7, 5.375, 7.125], "texture": "#1"}}}, {"from": [9, 16, 10], "to": [10.05, 19, 12], "rotation": {"angle": 0, "axis": "x", "origin": [9.525, 14.94448, 22.45724]}, "faces": {"north": {"uv": [7.25, 2.125, 7.375, 2.5], "texture": "#1"}, "east": {"uv": [7.125, 6.875, 7.375, 7.25], "texture": "#1"}, "south": {"uv": [3.625, 7.25, 3.75, 7.625], "texture": "#1"}, "west": {"uv": [0.25, 7.25, 0.5, 7.625], "texture": "#1"}, "up": {"uv": [3.875, 7.5, 3.75, 7.25], "texture": "#1"}, "down": {"uv": [7.375, 3.875, 7.25, 4.125], "texture": "#1"}}}, {"from": [9, 14.5, 10], "to": [10.05, 16.5, 11], "rotation": {"angle": 22.5, "axis": "x", "origin": [9.525, 16, 10.5]}, "faces": {"north": {"uv": [6.625, 1.625, 6.75, 1.875], "texture": "#1"}, "east": {"uv": [3.25, 6.625, 3.375, 6.875], "texture": "#1"}, "south": {"uv": [6.625, 3.875, 6.75, 4.125], "texture": "#1"}, "west": {"uv": [7.125, 6.125, 7.25, 6.375], "texture": "#1"}, "up": {"uv": [6.75, 2.625, 6.625, 2.5], "texture": "#1"}, "down": {"uv": [1.5, 6.75, 1.375, 6.875], "texture": "#1"}}}, {"from": [7.5, 21, 7], "to": [11.55, 22, 10], "rotation": {"angle": 0, "axis": "x", "origin": [9.525, 14.94448, 22.45724]}, "faces": {"north": {"uv": [3.875, 3, 4.375, 3.125], "texture": "#1"}, "east": {"uv": [4, 2.5, 4.375, 2.625], "texture": "#1"}, "south": {"uv": [4, 2.375, 4.5, 2.5], "texture": "#1"}, "west": {"uv": [2.75, 4, 3.125, 4.125], "texture": "#1"}, "up": {"uv": [4.5, 2, 4, 1.625], "texture": "#1"}, "down": {"uv": [4.5, 2, 4, 2.375], "texture": "#1"}}}, {"from": [7.25, 21, 8.25], "to": [7.8, 22, 8.75], "rotation": {"angle": 0, "axis": "x", "origin": [9.525, 14.94448, 22.45724]}, "faces": {"north": {"uv": [7.25, 6.75, 7.375, 6.875], "texture": "#1"}, "east": {"uv": [7.125, 7.25, 7.25, 7.375], "texture": "#1"}, "south": {"uv": [7.25, 7.25, 7.375, 7.375], "texture": "#1"}, "west": {"uv": [7.375, 0, 7.5, 0.125], "texture": "#1"}, "up": {"uv": [7.5, 0.25, 7.375, 0.125], "texture": "#1"}, "down": {"uv": [7.5, 0.25, 7.375, 0.375], "texture": "#1"}}}, {"from": [11.25, 21, 8.25], "to": [11.8, 22, 8.75], "rotation": {"angle": 0, "axis": "x", "origin": [9.525, 14.94448, 22.45724]}, "faces": {"north": {"uv": [7.25, 6.75, 7.375, 6.875], "texture": "#1"}, "east": {"uv": [7.125, 7.25, 7.25, 7.375], "texture": "#1"}, "south": {"uv": [7.25, 7.25, 7.375, 7.375], "texture": "#1"}, "west": {"uv": [7.375, 0, 7.5, 0.125], "texture": "#1"}, "up": {"uv": [7.5, 0.25, 7.375, 0.125], "texture": "#1"}, "down": {"uv": [7.5, 0.25, 7.375, 0.375], "texture": "#1"}}}, {"from": [7, 15.69448, 15.45724], "to": [8.3, 17.69448, 17.40724], "rotation": {"angle": -22.5, "axis": "x", "origin": [9.525, 14.94448, 22.45724]}, "faces": {"north": {"uv": [6.25, 3.125, 6.375, 3.375], "texture": "#1"}, "east": {"uv": [6.25, 1.875, 6.5, 2.125], "texture": "#1"}, "south": {"uv": [6.25, 3.375, 6.375, 3.625], "texture": "#1"}, "west": {"uv": [6.25, 2.125, 6.5, 2.375], "texture": "#1"}, "up": {"uv": [6.375, 4.25, 6.25, 4], "texture": "#1"}, "down": {"uv": [6.375, 4.25, 6.25, 4.5], "texture": "#1"}}}, {"from": [7.2, 22, -4.75], "to": [11.8, 23, 25.3], "rotation": {"angle": 0, "axis": "x", "origin": [9.525, 14.94448, 22.45724]}, "faces": {"north": {"uv": [3.75, 1, 4.375, 1.125], "texture": "#1"}, "east": {"uv": [3.75, 0.5, 4.625, 0.625], "texture": "#1"}, "south": {"uv": [3.75, 1.125, 4.375, 1.25], "texture": "#1"}, "west": {"uv": [3.75, 0.625, 4.625, 0.75], "texture": "#1"}, "up": {"uv": [4.25, 4, 3.625, 3.125], "texture": "#1"}, "down": {"uv": [1.75, 3.75, 1.125, 4.625], "texture": "#1"}}}], "display": {"thirdperson_righthand": {"rotation": [-2, 0, 0], "translation": [-0.25, -1.5, -0.75], "scale": [0.2, 0.2, 0.2]}, "thirdperson_lefthand": {"translation": [-0.25, -1.5, -0.75], "scale": [0.2, 0.2, 0.2]}, "firstperson_righthand": {"rotation": [1, 5, 5], "translation": [7.75, -12.25, -18.5], "scale": [0.8, 0.8, 0.8]}, "firstperson_lefthand": {"rotation": [1, 5, 5], "translation": [7.75, -12.25, -18.5], "scale": [0.8, 0.8, 0.8]}, "ground": {"scale": [0.2, 0.2, 0.2]}, "gui": {"rotation": [31, 90, -30], "translation": [-1.25, -3.5, 3.5], "scale": [0.4, 0.4, 0.4]}, "head": {"translation": [0, -0.15, 0], "scale": [1.6, 1.6, 1.6]}, "fixed": {"rotation": [0, 90, 0], "translation": [-1.75, -5.75, 0], "scale": [0.7, 0.7, 0.7]}}, "groups": [{"name": "pistol", "origin": [8, 8, 8], "color": 0, "children": [0, 1, 2, 3, 4, 5, 6, {"name": "group", "origin": [0, 0, 0], "color": 0, "children": [7, 8, 9, 10, 11, 12, 13, 14, 15, 16, 17, 18, 19, 20, 21]}, {"name": "group", "origin": [0, 0, 0], "color": 0, "children": [22, 23, 24, 25, 26, 27, 28, 29, 30, 31, 32, 33, 34, 35, 36, 37, 38, 39, 40, 41, 42, 43, 44, 45, 46, 47, 48, 49, 50, 51, 52, 53, 54, 55, 56, 57, 58, 59, 60, 61, 62, 63, 64, 65, 66, 67, 68, 69, 70, 71, 72, 73, 74, 75]}]}]}