{
  "model": {
    "type": "minecraft:range_dispatch",
    "property": "minecraft:custom_model_data",
    "entries": [
      {
        "threshold": 2,
        "model": {
          "type": "minecraft:model",
          "model": "item/melted_redstone"
        }
      },
      {
        "threshold": 3,
        "model": {
          "type": "minecraft:model",
          "model": "item/circuit"
        }
      },
      {
        "threshold": 4,
        "model": {
          "type": "minecraft:model",
          "model": "item/batteryup"
        }
      },
      {
        "threshold": 5,
        "model": {
          "type": "minecraft:model",
          "model": "item/battery"
        }
      }
    ],
    "fallback": {
      "type": "minecraft:model",
      "model": "minecraft:item/redstone"
    }
  }
}