{"credit": "Made with Blockbench", "texture_size": [18, 35], "textures": {"2": "item/spinny"}, "elements": [{"from": [0, 0, 0], "to": [16, 16, 16], "faces": {"north": {"uv": [0.88889, 0.45714, 15.11111, 7.77143], "texture": "#2"}, "east": {"uv": [0.88889, 0.45714, 15.11111, 7.77143], "texture": "#2"}, "south": {"uv": [0.88889, 0.45714, 15.11111, 7.77143], "texture": "#2"}, "west": {"uv": [0.88889, 0.45714, 15.11111, 7.77143], "texture": "#2"}, "up": {"uv": [0.88889, 0.45714, 15.11111, 7.77143], "texture": "#2"}, "down": {"uv": [0.88889, 0.45714, 15.11111, 7.77143], "texture": "#2"}}}, {"from": [0, 16, 0], "to": [16, 32, 16], "rotation": {"angle": 0, "axis": "y", "origin": [0, 16, 0]}, "faces": {"north": {"uv": [0.88889, 0.45714, 15.11111, 7.77143], "texture": "#2"}, "east": {"uv": [0.88889, 0.45714, 15.11111, 7.77143], "texture": "#2"}, "south": {"uv": [0.88889, 0.45714, 15.11111, 7.77143], "texture": "#2"}, "west": {"uv": [0.88889, 0.45714, 15.11111, 7.77143], "texture": "#2"}, "up": {"uv": [0.88889, 0.45714, 15.11111, 7.77143], "texture": "#2"}, "down": {"uv": [0.88889, 0.45714, 15.11111, 7.77143], "texture": "#2"}}}, {"from": [0, 16, -16], "to": [16, 32, 0], "rotation": {"angle": 0, "axis": "y", "origin": [0, 16, -16]}, "faces": {"north": {"uv": [0.88889, 0.45714, 15.11111, 7.77143], "texture": "#2"}, "east": {"uv": [0.88889, 0.45714, 15.11111, 7.77143], "texture": "#2"}, "south": {"uv": [0.88889, 0.45714, 15.11111, 7.77143], "texture": "#2"}, "west": {"uv": [0.88889, 0.45714, 15.11111, 7.77143], "texture": "#2"}, "up": {"uv": [0.88889, 0.45714, 15.11111, 7.77143], "texture": "#2"}, "down": {"uv": [0.88889, 0.45714, 15.11111, 7.77143], "texture": "#2"}}}, {"from": [-16, 0, 0], "to": [0, 16, 16], "rotation": {"angle": 0, "axis": "y", "origin": [-16, 0, 0]}, "faces": {"north": {"uv": [0.88889, 0.45714, 15.11111, 7.77143], "texture": "#2"}, "east": {"uv": [0.88889, 0.45714, 15.11111, 7.77143], "texture": "#2"}, "south": {"uv": [0.88889, 0.45714, 15.11111, 7.77143], "texture": "#2"}, "west": {"uv": [0.88889, 0.45714, 15.11111, 7.77143], "texture": "#2"}, "up": {"uv": [0.88889, 0.45714, 15.11111, 7.77143], "texture": "#2"}, "down": {"uv": [0.88889, 0.45714, 15.11111, 7.77143], "texture": "#2"}}}, {"from": [-16, 0, -16], "to": [0, 16, 0], "rotation": {"angle": 0, "axis": "y", "origin": [-16, 0, -16]}, "faces": {"north": {"uv": [0.88889, 0.45714, 15.11111, 7.77143], "texture": "#2"}, "east": {"uv": [0.88889, 0.45714, 15.11111, 7.77143], "texture": "#2"}, "south": {"uv": [0.88889, 0.45714, 15.11111, 7.77143], "texture": "#2"}, "west": {"uv": [0.88889, 0.45714, 15.11111, 7.77143], "texture": "#2"}, "up": {"uv": [0.88889, 0.45714, 15.11111, 7.77143], "texture": "#2"}, "down": {"uv": [0.88889, 0.45714, 15.11111, 7.77143], "texture": "#2"}}}, {"from": [0, -16, 0], "to": [16, 0, 16], "rotation": {"angle": 0, "axis": "y", "origin": [0, -16, 0]}, "faces": {"north": {"uv": [0.88889, 0.45714, 15.11111, 7.77143], "texture": "#2"}, "east": {"uv": [0.88889, 0.45714, 15.11111, 7.77143], "texture": "#2"}, "south": {"uv": [0.88889, 0.45714, 15.11111, 7.77143], "texture": "#2"}, "west": {"uv": [0.88889, 0.45714, 15.11111, 7.77143], "texture": "#2"}, "up": {"uv": [0.88889, 0.45714, 15.11111, 7.77143], "texture": "#2"}, "down": {"uv": [0.88889, 0.45714, 15.11111, 7.77143], "texture": "#2"}}}, {"from": [0, -16, -16], "to": [16, 0, 0], "rotation": {"angle": 0, "axis": "y", "origin": [0, -16, -16]}, "faces": {"north": {"uv": [0.88889, 0.45714, 15.11111, 7.77143], "texture": "#2"}, "east": {"uv": [0.88889, 0.45714, 15.11111, 7.77143], "texture": "#2"}, "south": {"uv": [0.88889, 0.45714, 15.11111, 7.77143], "texture": "#2"}, "west": {"uv": [0.88889, 0.45714, 15.11111, 7.77143], "texture": "#2"}, "up": {"uv": [0.88889, 0.45714, 15.11111, 7.77143], "texture": "#2"}, "down": {"uv": [0.88889, 0.45714, 15.11111, 7.77143], "texture": "#2"}}}, {"from": [0, 0, -16], "to": [16, 16, 0], "rotation": {"angle": 0, "axis": "y", "origin": [0, 0, -16]}, "faces": {"north": {"uv": [0.88889, 0.45714, 15.11111, 7.77143], "texture": "#2"}, "east": {"uv": [0.88889, 0.45714, 15.11111, 7.77143], "texture": "#2"}, "south": {"uv": [0.88889, 0.45714, 15.11111, 7.77143], "texture": "#2"}, "west": {"uv": [0.88889, 0.45714, 15.11111, 7.77143], "texture": "#2"}, "up": {"uv": [0.88889, 0.45714, 15.11111, 7.77143], "texture": "#2"}, "down": {"uv": [0.88889, 0.45714, 15.11111, 7.77143], "texture": "#2"}}}, {"from": [0, 0, -16], "to": [16, 16, 0], "rotation": {"angle": 0, "axis": "y", "origin": [0, 0, -16]}, "faces": {"north": {"uv": [0.88889, 0.45714, 15.11111, 7.77143], "texture": "#2"}, "east": {"uv": [0.88889, 0.45714, 15.11111, 7.77143], "texture": "#2"}, "south": {"uv": [0.88889, 0.45714, 15.11111, 7.77143], "texture": "#2"}, "west": {"uv": [0.88889, 0.45714, 15.11111, 7.77143], "texture": "#2"}, "up": {"uv": [0.88889, 0.45714, 15.11111, 7.77143], "texture": "#2"}, "down": {"uv": [0.88889, 0.45714, 15.11111, 7.77143], "texture": "#2"}}}, {"from": [16, 0, -16], "to": [32, 16, 0], "rotation": {"angle": 0, "axis": "y", "origin": [16, 0, -16]}, "faces": {"north": {"uv": [0.88889, 0.45714, 15.11111, 7.77143], "texture": "#2"}, "east": {"uv": [0.88889, 0.45714, 15.11111, 7.77143], "texture": "#2"}, "south": {"uv": [0.88889, 0.45714, 15.11111, 7.77143], "texture": "#2"}, "west": {"uv": [0.88889, 0.45714, 15.11111, 7.77143], "texture": "#2"}, "up": {"uv": [0.88889, 0.45714, 15.11111, 7.77143], "texture": "#2"}, "down": {"uv": [0.88889, 0.45714, 15.11111, 7.77143], "texture": "#2"}}}, {"from": [16, 0, 0], "to": [32, 16, 16], "rotation": {"angle": 0, "axis": "y", "origin": [16, 0, 0]}, "faces": {"north": {"uv": [0.88889, 0.45714, 15.11111, 7.77143], "texture": "#2"}, "east": {"uv": [0.88889, 0.45714, 15.11111, 7.77143], "texture": "#2"}, "south": {"uv": [0.88889, 0.45714, 15.11111, 7.77143], "texture": "#2"}, "west": {"uv": [0.88889, 0.45714, 15.11111, 7.77143], "texture": "#2"}, "up": {"uv": [0.88889, 0.45714, 15.11111, 7.77143], "texture": "#2"}, "down": {"uv": [0.88889, 0.45714, 15.11111, 7.77143], "texture": "#2"}}}, {"from": [16, 16, 0], "to": [32, 24, 16], "rotation": {"angle": 0, "axis": "y", "origin": [18, 16, 16]}, "faces": {"north": {"uv": [0.88889, 8.22857, 15.11111, 11.88571], "texture": "#2"}, "east": {"uv": [0.88889, 8.22857, 15.11111, 11.88571], "texture": "#2"}, "south": {"uv": [0.88889, 8.22857, 15.11111, 11.88571], "texture": "#2"}, "west": {"uv": [0.88889, 8.22857, 15.11111, 11.88571], "texture": "#2"}, "up": {"uv": [0.88889, 8.22857, 15.11111, 15.54286], "rotation": 180, "texture": "#2"}, "down": {"uv": [0.88889, 8.22857, 15.11111, 15.54286], "rotation": 180, "texture": "#2"}}}, {"from": [16, 24, 0], "to": [24, 32, 16], "rotation": {"angle": 0, "axis": "y", "origin": [18, 16, 16]}, "faces": {"north": {"uv": [0.88889, 8.22857, 8, 11.88571], "texture": "#2"}, "east": {"uv": [0.88889, 8.22857, 15.11111, 11.88571], "texture": "#2"}, "south": {"uv": [0.88889, 8.22857, 8, 11.88571], "texture": "#2"}, "west": {"uv": [0.88889, 8.22857, 15.11111, 11.88571], "texture": "#2"}, "up": {"uv": [0.88889, 8.22857, 8, 15.54286], "rotation": 180, "texture": "#2"}, "down": {"uv": [0.88889, 8.22857, 8, 15.54286], "rotation": 180, "texture": "#2"}}}, {"from": [16, 16, -16], "to": [32, 24, 0], "rotation": {"angle": 0, "axis": "y", "origin": [18, 16, 0]}, "faces": {"north": {"uv": [0.88889, 8.22857, 15.11111, 11.88571], "texture": "#2"}, "east": {"uv": [0.88889, 8.22857, 15.11111, 11.88571], "texture": "#2"}, "south": {"uv": [0.88889, 8.22857, 15.11111, 11.88571], "texture": "#2"}, "west": {"uv": [0.88889, 8.22857, 15.11111, 11.88571], "texture": "#2"}, "up": {"uv": [0.88889, 8.22857, 15.11111, 15.54286], "rotation": 180, "texture": "#2"}, "down": {"uv": [0.88889, 8.22857, 15.11111, 15.54286], "rotation": 180, "texture": "#2"}}}, {"from": [16, 24, -16], "to": [24, 32, 0], "rotation": {"angle": 0, "axis": "y", "origin": [18, 16, 0]}, "faces": {"north": {"uv": [0.88889, 8.22857, 8, 11.88571], "texture": "#2"}, "east": {"uv": [0.88889, 8.22857, 15.11111, 11.88571], "texture": "#2"}, "south": {"uv": [0.88889, 8.22857, 8, 11.88571], "texture": "#2"}, "west": {"uv": [0.88889, 8.22857, 15.11111, 11.88571], "texture": "#2"}, "up": {"uv": [0.88889, 8.22857, 8, 15.54286], "rotation": 180, "texture": "#2"}, "down": {"uv": [0.88889, 8.22857, 8, 15.54286], "rotation": 180, "texture": "#2"}}}, {"from": [-16, 16, 0], "to": [0, 24, 16], "rotation": {"angle": 0, "axis": "y", "origin": [-2, 16, 0]}, "faces": {"north": {"uv": [0.88889, 8.22857, 15.11111, 11.88571], "texture": "#2"}, "east": {"uv": [0.88889, 8.22857, 15.11111, 11.88571], "texture": "#2"}, "south": {"uv": [0.88889, 8.22857, 15.11111, 11.88571], "texture": "#2"}, "west": {"uv": [0.88889, 8.22857, 15.11111, 11.88571], "texture": "#2"}, "up": {"uv": [0.88889, 8.22857, 15.11111, 15.54286], "texture": "#2"}, "down": {"uv": [0.88889, 8.22857, 15.11111, 15.54286], "texture": "#2"}}}, {"from": [-8, 24, 0], "to": [0, 32, 16], "rotation": {"angle": 0, "axis": "y", "origin": [-2, 16, 0]}, "faces": {"north": {"uv": [0.88889, 8.22857, 8, 11.88571], "texture": "#2"}, "east": {"uv": [0.88889, 8.22857, 15.11111, 11.88571], "texture": "#2"}, "south": {"uv": [0.88889, 8.22857, 8, 11.88571], "texture": "#2"}, "west": {"uv": [0.88889, 8.22857, 15.11111, 11.88571], "texture": "#2"}, "up": {"uv": [0.88889, 8.22857, 8, 15.54286], "texture": "#2"}, "down": {"uv": [0.88889, 8.22857, 8, 15.54286], "texture": "#2"}}}, {"from": [-16, 16, -16], "to": [0, 24, 0], "rotation": {"angle": 0, "axis": "y", "origin": [-2, 16, -16]}, "faces": {"north": {"uv": [0.88889, 8.22857, 15.11111, 11.88571], "texture": "#2"}, "east": {"uv": [0.88889, 8.22857, 15.11111, 11.88571], "texture": "#2"}, "south": {"uv": [0.88889, 8.22857, 15.11111, 11.88571], "texture": "#2"}, "west": {"uv": [0.88889, 8.22857, 15.11111, 11.88571], "texture": "#2"}, "up": {"uv": [0.88889, 8.22857, 15.11111, 15.54286], "texture": "#2"}, "down": {"uv": [0.88889, 8.22857, 15.11111, 15.54286], "texture": "#2"}}}, {"from": [-8, 24, -16], "to": [0, 32, 0], "rotation": {"angle": 0, "axis": "y", "origin": [-2, 16, -16]}, "faces": {"north": {"uv": [0.88889, 8.22857, 8, 11.88571], "texture": "#2"}, "east": {"uv": [0.88889, 8.22857, 15.11111, 11.88571], "texture": "#2"}, "south": {"uv": [0.88889, 8.22857, 8, 11.88571], "texture": "#2"}, "west": {"uv": [0.88889, 8.22857, 15.11111, 11.88571], "texture": "#2"}, "up": {"uv": [0.88889, 8.22857, 8, 15.54286], "texture": "#2"}, "down": {"uv": [0.88889, 8.22857, 8, 15.54286], "texture": "#2"}}}, {"from": [-8, -16, -16], "to": [0, 0, 0], "rotation": {"angle": 0, "axis": "z", "origin": [0, -2, -16]}, "faces": {"north": {"uv": [0.88889, 8.22857, 15.11111, 11.88571], "rotation": 90, "texture": "#2"}, "east": {"uv": [0.88889, 8.22857, 15.11111, 15.54286], "rotation": 270, "texture": "#2"}, "south": {"uv": [0.88889, 8.22857, 15.11111, 11.88571], "rotation": 270, "texture": "#2"}, "west": {"uv": [0.88889, 8.22857, 15.11111, 15.54286], "rotation": 270, "texture": "#2"}, "up": {"uv": [0.88889, 8.22857, 15.11111, 11.88571], "rotation": 270, "texture": "#2"}, "down": {"uv": [0.88889, 8.22857, 15.11111, 11.88571], "rotation": 270, "texture": "#2"}}}, {"from": [-16, -8, -16], "to": [-8, 0, 0], "rotation": {"angle": 0, "axis": "z", "origin": [0, -2, -16]}, "faces": {"north": {"uv": [0.88889, 8.22857, 8, 11.88571], "rotation": 90, "texture": "#2"}, "east": {"uv": [0.88889, 8.22857, 8, 15.54286], "rotation": 270, "texture": "#2"}, "south": {"uv": [0.88889, 8.22857, 8, 11.88571], "rotation": 270, "texture": "#2"}, "west": {"uv": [0.88889, 8.22857, 8, 15.54286], "rotation": 270, "texture": "#2"}, "up": {"uv": [0.88889, 8.22857, 15.11111, 11.88571], "rotation": 270, "texture": "#2"}, "down": {"uv": [0.88889, 8.22857, 15.11111, 11.88571], "rotation": 270, "texture": "#2"}}}, {"from": [-8, -16, 0], "to": [0, 0, 16], "rotation": {"angle": 0, "axis": "y", "origin": [0, -2, 0]}, "faces": {"north": {"uv": [0.88889, 8.22857, 15.11111, 11.88571], "rotation": 90, "texture": "#2"}, "east": {"uv": [0.88889, 8.22857, 15.11111, 15.54286], "rotation": 270, "texture": "#2"}, "south": {"uv": [0.88889, 8.22857, 15.11111, 11.88571], "rotation": 270, "texture": "#2"}, "west": {"uv": [0.88889, 8.22857, 15.11111, 15.54286], "rotation": 270, "texture": "#2"}, "up": {"uv": [0.88889, 8.22857, 15.11111, 11.88571], "rotation": 270, "texture": "#2"}, "down": {"uv": [0.88889, 8.22857, 15.11111, 11.88571], "rotation": 270, "texture": "#2"}}}, {"from": [-16, -8, 0], "to": [-8, 0, 16], "rotation": {"angle": 0, "axis": "y", "origin": [0, -2, 0]}, "faces": {"north": {"uv": [0.88889, 8.22857, 8, 11.88571], "rotation": 90, "texture": "#2"}, "east": {"uv": [0.88889, 8.22857, 8, 15.54286], "rotation": 270, "texture": "#2"}, "south": {"uv": [0.88889, 8.22857, 8, 11.88571], "rotation": 270, "texture": "#2"}, "west": {"uv": [0.88889, 8.22857, 8, 15.54286], "rotation": 270, "texture": "#2"}, "up": {"uv": [0.88889, 8.22857, 15.11111, 11.88571], "rotation": 270, "texture": "#2"}, "down": {"uv": [0.88889, 8.22857, 15.11111, 11.88571], "rotation": 270, "texture": "#2"}}}, {"from": [-8, -16, -16], "to": [0, 0, 0], "rotation": {"angle": 0, "axis": "y", "origin": [0, -2, -16]}, "faces": {"north": {"uv": [0.88889, 8.22857, 15.11111, 11.88571], "rotation": 90, "texture": "#2"}, "east": {"uv": [0.88889, 8.22857, 15.11111, 15.54286], "rotation": 270, "texture": "#2"}, "south": {"uv": [0.88889, 8.22857, 15.11111, 11.88571], "rotation": 270, "texture": "#2"}, "west": {"uv": [0.88889, 8.22857, 15.11111, 15.54286], "rotation": 270, "texture": "#2"}, "up": {"uv": [0.88889, 8.22857, 15.11111, 11.88571], "rotation": 270, "texture": "#2"}, "down": {"uv": [0.88889, 8.22857, 15.11111, 11.88571], "rotation": 270, "texture": "#2"}}}, {"from": [-16, -8, -16], "to": [-8, 0, 0], "rotation": {"angle": 0, "axis": "y", "origin": [0, -2, -16]}, "faces": {"north": {"uv": [0.88889, 8.22857, 8, 11.88571], "rotation": 90, "texture": "#2"}, "east": {"uv": [0.88889, 8.22857, 8, 15.54286], "rotation": 270, "texture": "#2"}, "south": {"uv": [0.88889, 8.22857, 8, 11.88571], "rotation": 270, "texture": "#2"}, "west": {"uv": [0.88889, 8.22857, 8, 15.54286], "rotation": 270, "texture": "#2"}, "up": {"uv": [0.88889, 8.22857, 15.11111, 11.88571], "rotation": 270, "texture": "#2"}, "down": {"uv": [0.88889, 8.22857, 15.11111, 11.88571], "rotation": 270, "texture": "#2"}}}, {"from": [-8, -16, 0], "to": [0, 0, 16], "rotation": {"angle": 0, "axis": "y", "origin": [0, -2, 0]}, "faces": {"north": {"uv": [0.88889, 8.22857, 15.11111, 11.88571], "rotation": 90, "texture": "#2"}, "east": {"uv": [0.88889, 8.22857, 15.11111, 15.54286], "rotation": 270, "texture": "#2"}, "south": {"uv": [0.88889, 8.22857, 15.11111, 11.88571], "rotation": 270, "texture": "#2"}, "west": {"uv": [0.88889, 8.22857, 15.11111, 15.54286], "rotation": 270, "texture": "#2"}, "up": {"uv": [0.88889, 8.22857, 15.11111, 11.88571], "rotation": 270, "texture": "#2"}, "down": {"uv": [0.88889, 8.22857, 15.11111, 11.88571], "rotation": 270, "texture": "#2"}}}, {"from": [-16, -8, 0], "to": [-8, 0, 16], "rotation": {"angle": 0, "axis": "y", "origin": [0, -2, 0]}, "faces": {"north": {"uv": [0.88889, 8.22857, 8, 11.88571], "rotation": 90, "texture": "#2"}, "east": {"uv": [0.88889, 8.22857, 8, 15.54286], "rotation": 270, "texture": "#2"}, "south": {"uv": [0.88889, 8.22857, 8, 11.88571], "rotation": 270, "texture": "#2"}, "west": {"uv": [0.88889, 8.22857, 8, 15.54286], "rotation": 270, "texture": "#2"}, "up": {"uv": [0.88889, 8.22857, 15.11111, 11.88571], "rotation": 270, "texture": "#2"}, "down": {"uv": [0.88889, 8.22857, 15.11111, 11.88571], "rotation": 270, "texture": "#2"}}}, {"from": [16, -16, -16], "to": [24, 0, 0], "rotation": {"angle": 0, "axis": "y", "origin": [16, -2, 0]}, "faces": {"north": {"uv": [0.88889, 8.22857, 15.11111, 11.88571], "rotation": 270, "texture": "#2"}, "east": {"uv": [0.88889, 8.22857, 15.11111, 15.54286], "rotation": 270, "texture": "#2"}, "south": {"uv": [0.88889, 8.22857, 15.11111, 11.88571], "rotation": 90, "texture": "#2"}, "west": {"uv": [0.88889, 8.22857, 15.11111, 15.54286], "rotation": 270, "texture": "#2"}, "up": {"uv": [0.88889, 8.22857, 15.11111, 11.88571], "rotation": 90, "texture": "#2"}, "down": {"uv": [0.88889, 8.22857, 15.11111, 11.88571], "rotation": 90, "texture": "#2"}}}, {"from": [24, -8, -16], "to": [32, 0, 0], "rotation": {"angle": 0, "axis": "y", "origin": [16, -2, 0]}, "faces": {"north": {"uv": [0.88889, 8.22857, 8, 11.88571], "rotation": 270, "texture": "#2"}, "east": {"uv": [0.88889, 8.22857, 8, 15.54286], "rotation": 270, "texture": "#2"}, "south": {"uv": [0.88889, 8.22857, 8, 11.88571], "rotation": 90, "texture": "#2"}, "west": {"uv": [0.88889, 8.22857, 8, 15.54286], "rotation": 270, "texture": "#2"}, "up": {"uv": [0.88889, 8.22857, 15.11111, 11.88571], "rotation": 90, "texture": "#2"}, "down": {"uv": [0.88889, 8.22857, 15.11111, 11.88571], "rotation": 90, "texture": "#2"}}}, {"from": [16, -16, 0], "to": [24, 0, 16], "rotation": {"angle": 0, "axis": "y", "origin": [16, -2, 16]}, "faces": {"north": {"uv": [0.88889, 8.22857, 15.11111, 11.88571], "rotation": 270, "texture": "#2"}, "east": {"uv": [0.88889, 8.22857, 15.11111, 15.54286], "rotation": 270, "texture": "#2"}, "south": {"uv": [0.88889, 8.22857, 15.11111, 11.88571], "rotation": 90, "texture": "#2"}, "west": {"uv": [0.88889, 8.22857, 15.11111, 15.54286], "rotation": 270, "texture": "#2"}, "up": {"uv": [0.88889, 8.22857, 15.11111, 11.88571], "rotation": 90, "texture": "#2"}, "down": {"uv": [0.88889, 8.22857, 15.11111, 11.88571], "rotation": 90, "texture": "#2"}}}, {"from": [24, -8, 0], "to": [32, 0, 16], "rotation": {"angle": 0, "axis": "y", "origin": [16, -2, 16]}, "faces": {"north": {"uv": [0.88889, 8.22857, 8, 11.88571], "rotation": 270, "texture": "#2"}, "east": {"uv": [0.88889, 8.22857, 8, 15.54286], "rotation": 270, "texture": "#2"}, "south": {"uv": [0.88889, 8.22857, 8, 11.88571], "rotation": 90, "texture": "#2"}, "west": {"uv": [0.88889, 8.22857, 8, 15.54286], "rotation": 270, "texture": "#2"}, "up": {"uv": [0.88889, 8.22857, 15.11111, 11.88571], "rotation": 90, "texture": "#2"}, "down": {"uv": [0.88889, 8.22857, 15.11111, 11.88571], "rotation": 90, "texture": "#2"}}}], "groups": [{"name": "Blocks", "origin": [8, 8, 8], "color": 0, "nbt": "{}", "children": [0, 1, 2, 3, 4, 5, 6, 7, 8, 9, 10]}, {"name": "Stairs", "origin": [8, 8, 8], "color": 0, "nbt": "{}", "children": [{"name": "Stair", "origin": [8, 8, 8], "color": 0, "nbt": "{}", "children": []}, {"name": "Stair", "origin": [8, 8, 8], "color": 0, "nbt": "{}", "children": [11, 12, {"name": "Stair", "origin": [8, 8, 8], "color": 0, "nbt": "{}", "children": [13, 14]}, {"name": "Stair", "origin": [8, 8, 8], "color": 0, "nbt": "{}", "children": [15, 16, {"name": "Stair", "origin": [8, 8, 8], "color": 0, "nbt": "{}", "children": [17, 18, {"name": "Stair", "origin": [8, 8, 8], "color": 0, "nbt": "{}", "children": [19, 20, {"name": "Stair", "origin": [8, 8, 8], "color": 0, "nbt": "{}", "children": [21, 22]}, {"name": "Stair", "origin": [8, 8, 8], "color": 0, "nbt": "{}", "children": [23, 24, {"name": "Stair", "origin": [8, 8, 8], "color": 0, "nbt": "{}", "children": [25, 26]}]}, {"name": "Stair", "origin": [8, 8, 8], "color": 0, "nbt": "{}", "children": [27, 28, {"name": "Stair", "origin": [8, 8, 8], "color": 0, "nbt": "{}", "children": [29, 30]}]}]}]}]}]}]}]}