{
	"credit": "Made with Blockbench",
	"textures": {
		"0": "horror:item/no_slot",
		"particle": "horror:item/no_slot"
	},
	"elements": [
		{
			"from": [5.75, 8, 5.75],
			"to": [10.25, 8, 10.25],
			"rotation": {"angle": 0, "axis": "y", "origin": [8, 0, 8]},
			"faces": {
				"north": {"uv": [0, 0, 4.5, 0], "texture": "#missing"},
				"east": {"uv": [0, 0, 4.5, 0], "texture": "#missing"},
				"south": {"uv": [0, 0, 4.5, 0], "texture": "#missing"},
				"west": {"uv": [0, 0, 4.5, 0], "texture": "#missing"},
				"up": {"uv": [0, 0, 4.5, 4.5], "texture": "#0"},
				"down": {"uv": [0, 0, 4.5, 4.5], "texture": "#0"}
			}
		}
	],
	"gui_light": "front",
	"display": {
		"gui": {
			"rotation": [90, 0, 0],
			"scale": [4, 4, 4]
		}
	}
}