{
    "targets" : {
        "final": {},
        "swap": {},
        "swap2": {},
        "data": {"width": 5, "height": 4, "persistent": true},
        "data_swap": {"width": 5, "height": 4}
    },
    "passes": [
        {
            "_comment": "Used by ShaderSelectorV3",
            "fragment_shader": "shader_selector:post/internal/blit",
            "vertex_shader": "shader_selector:post/internal/blit",
            "inputs": [
                {
                    "sampler_name": "In",
                    "target": "data"
                }
            ],
            "output": "data_swap"
        },
        {
            "_comment": "Used by ShaderSelectorV3",
            "fragment_shader": "shader_selector:post/data",
            "vertex_shader": "shader_selector:post/internal/blit",
            "inputs": [
                {
                    "sampler_name": "Data",
                    "target": "data_swap"
                },
                {
                    "sampler_name": "Particles",
                    "target": "minecraft:particles"
                }
            ],
            "output": "data"
        },
        {
            "_comment": "Default pass for minecraft",
            "vertex_shader": "minecraft:core/screenquad",
            "fragment_shader": "minecraft:post/transparency",
            "inputs": [
                {
                    "sampler_name": "Main",
                    "target": "minecraft:main"
                },
                {
                    "sampler_name": "MainDepth",
                    "target": "minecraft:main",
                    "use_depth_buffer": true
                },
                {
                    "sampler_name": "Translucent",
                    "target": "minecraft:translucent"
                },
                {
                    "sampler_name": "TranslucentDepth",
                    "target": "minecraft:translucent",
                    "use_depth_buffer": true
                },
                {
                    "sampler_name": "ItemEntity",
                    "target": "minecraft:item_entity"
                },
                {
                    "sampler_name": "ItemEntityDepth",
                    "target": "minecraft:item_entity",
                    "use_depth_buffer": true
                },
                {
                    "sampler_name": "Particles",
                    "target": "swap"
                },
                {
                    "sampler_name": "ParticlesDepth",
                    "target": "minecraft:particles",
                    "use_depth_buffer": true
                },
                {
                    "sampler_name": "Clouds",
                    "target": "minecraft:clouds"
                },
                {
                    "sampler_name": "CloudsDepth",
                    "target": "minecraft:clouds",
                    "use_depth_buffer": true
                },
                {
                    "sampler_name": "Weather",
                    "target": "minecraft:weather"
                },
                {
                    "sampler_name": "WeatherDepth",
                    "target": "minecraft:weather",
                    "use_depth_buffer": true
                }
            ],
            "output": "final"
        },
        {
            "_comment": "Run the shaders for shader selector",
            "fragment_shader": "shader_selector:post/shader",
            "vertex_shader": "shader_selector:post/shader",
            "inputs": [
                {
                    "sampler_name": "Main",
                    "target": "final"
                },
                {
                    "sampler_name": "Data",
                    "target": "data"
                }
            ],
            "output": "swap"
        },
        {
            "_comment": "Used by minecraft",
            "vertex_shader": "minecraft:core/screenquad",
            "fragment_shader": "minecraft:post/blit",
            "inputs": [
                {
                    "sampler_name": "In",
                    "target": "final"
                }
            ],
            "uniforms": {
                "BlitConfig": [
                    {
                        "name": "ColorModulate",
                        "type": "vec4",
                        "value": [ 1.0, 1.0, 1.0, 1.0 ]
                    }
                ]
            },
            "output": "minecraft:main"
        }
    ]
}
