{
  "providers": [
    { "type": "bitmap", "file": "reactor:font/accretion_disk.png", "ascent": 1100, "height": 2200, "chars": ["1"] },
    { "type": "bitmap", "file": "reactor:font/accretion_disk_2.png", "ascent": 1100, "height": 2200, "chars": ["2"] },
    { "type": "bitmap", "file": "reactor:font/accretion_disk_3.png", "ascent": 1100, "height": 2200, "chars": ["3"] },
    { "type": "bitmap", "file": "reactor:font/accretion_disk_4.png", "ascent": 1100, "height": 2200, "chars": ["4"] },
    { "type": "bitmap", "file": "reactor:font/accretion_disk_5.png", "ascent": 1100, "height": 2200, "chars": ["5"] }
  ]
}