{
  "providers": [
    { "type": "bitmap", "file": "reactor:font/accretion_disk_white.png", "ascent": 1100, "height": 2200, "chars": ["1"] },
    { "type": "bitmap", "file": "reactor:font/accretion_disk_white_2.png", "ascent": 1100, "height": 2200, "chars": ["2"] },
    { "type": "bitmap", "file": "reactor:font/accretion_disk_white_3.png", "ascent": 1100, "height": 2200, "chars": ["3"] },
    { "type": "bitmap", "file": "reactor:font/accretion_disk_white_4.png", "ascent": 1100, "height": 2200, "chars": ["4"] },
    { "type": "bitmap", "file": "reactor:font/accretion_disk_white_5.png", "ascent": 1100, "height": 2200, "chars": ["5"] }
  ]
}