{
  "providers": [
    {"type": "bitmap", "file": "reactor:font/startup_screen_reactor_loaded.png", "ascent": 64, "height": 80, "chars": ["1"]},
    {"type": "bitmap", "file": "reactor:font/startup_screen_reactor_loaded_main_p1.png", "ascent": 64, "height": 80, "chars": ["2"]},
    {"type": "bitmap", "file": "reactor:font/startup_screen_reactor_loaded_main_p2.png", "ascent": 64, "height": 80, "chars": ["3"]},
    {"type": "bitmap", "file": "reactor:font/startup_screen_reactor_loaded_main_p3.png", "ascent": 64, "height": 80, "chars": ["4"]},
    {"type": "bitmap", "file": "reactor:font/startup_screen_reactor_loaded_main_p4.png", "ascent": 64, "height": 80, "chars": ["5"]}
  ]
}