{
  "alarms.meltdownsiren": {
    "sounds": [
      "terf:alarms/meltdownsiren"
    ]
  },

  "music.mentdownrcc": {
    "sounds": [
      "terf:music/mentdownrcc"
    ]
  },

  "alarms.amogus": {
    "sounds": [
      "terf:alarms/amogus"
    ]
  },
  "alarms.alarm": {
    "sounds": [
      "terf:alarms/alarm"
    ]
  },
  "alarms.alarm2": {
    "sounds": [
      "terf:alarms/alarm2"
    ]
  },
  "alarms.alarm3": {
    "sounds": [
      "terf:alarms/alarm3"
    ]
  },
  "alarms.alarm4": {
    "sounds": [
      "terf:alarms/alarm4"
    ]
  },
  "alarms.alarm5": {
    "sounds": [
      "terf:alarms/alarm5"
    ]
  },
  "alarms.alarm6": {
    "sounds": [
      "terf:alarms/alarm6"
    ]
  },
  "alarms.toolbeep": {
    "sounds": [
      "terf:alarms/toolbeep"
    ]
  },
  "alarms.amogusjoin": {
    "sounds": [
      "terf:alarms/amogusjoin"
    ]
  },
  "alarms.apcloop": {
    "sounds": [
      "terf:alarms/apcloop"
    ]
  },
  "alarms.beep": {
    "sounds": [
      "terf:alarms/beep"
    ]
  },
  "alarms.beep2": {
    "sounds": [
      "terf:alarms/beep2"
    ]
  },
  "alarms.beep3": {
    "sounds": [
      "terf:alarms/beep3"
    ]
  },
  "alarms.beep4": {
    "sounds": [
      "terf:alarms/beep4"
    ]
  },
"music.sabotage": {
    "sounds": [
      "terf:music/sabotage"
    ]
  },
"explosion.flashbang": {
    "sounds": [
      "terf:explosion/flashbang"
    ]
  },
"music.startupmusic": {
    "sounds": [
      "terf:music/startupmusic"
    ]
  },

  "alarms.systemoverheat": {
    "sounds": [
      "terf:alarms/systemoverheat"
    ]
  },
  "alarms.airraidsiren": {
    "sounds": [
      "terf:alarms/airraidsiren"
    ]
  },
  "alarms.notification": {
    "sounds": [
      "terf:alarms/notification"
    ]
  },
  "opencore.voice_powerup": {
    "sounds": [
      "terf:opencore/voice_powerup"
    ]
  },
  "opencore.voice_startup": {
    "sounds": [
      "terf:opencore/voice_startup"
    ]
  },
  "opencore.magnet_start": {
    "sounds": [
      "terf:opencore/magnet_start"
    ]
  },
  "opencore.magnet_loop": {
    "sounds": [
      "terf:opencore/magnet_loop"
    ]
  },
  "opencore.unstable": {
    "sounds": [
      "terf:opencore/unstable"
    ]
  },
  "opencore.lock_material": {
    "sounds": [
      "terf:opencore/lock_material"
    ]
  },
  "mainframe_sort": {
    "sounds": [
      "terf:mainframe_sort"
    ]
  },
  "keypress": {
    "sounds": [
      "terf:keypress_1",
      "terf:keypress_2",
      "terf:keypress_3",
      "terf:keypress_4"
    ]
  },
  "braam": {
    "sounds": [
      "terf:braam"
    ]
  },
  "braam2": {
    "sounds": [
      "terf:braam2"
    ]
  },
  "fuel_pellet_loading": {
    "sounds": [
      "terf:fuel_pellet_loading"
    ]
  },
  "machine_hum": {
    "sounds": [
      "terf:machine_hum"
    ]
  },
  "control_rod_up": {
    "sounds": [
      "terf:control_rod_up"
    ]
  },
  "control_rod_down": {
    "sounds": [
      "terf:control_rod_down"
    ]
  },
  "spotlight": {
    "sounds": [
      "terf:spotlight"
    ]
  },
  "spotlight2": {
    "sounds": [
      "terf:spotlight2"
    ]
  },
  "centrifuge": {
    "sounds": [
      "terf:centrifuge"
    ]
  },
  "elevator_start": {
    "sounds": [
      "terf:elevator_start"
    ]
  },
  "elevator_stop": {
    "sounds": [
      "terf:elevator_stop"
    ]
  },
  "major_achievement": {
    "sounds": [
      "terf:major_achievement"
    ]
  },
  "server.reseting_music": {
    "sounds": [
      "terf:server_broadcasts/reseting_music"
    ]
  },
  "server.map_reset_completed": {
    "sounds": [
      "terf:server_broadcasts/map_reset_completed"
    ]
  },
  "server.auto_map_reset_in_5m": {
    "sounds": [
      "terf:server_broadcasts/auto_map_reset_in_5m"
    ]
  },
  "music.idunno_reactor_meltdown_sequence": {
    "sounds": [
      "terf:music/idunno_reactor_meltdown_sequence"
    ]
  },
  "music.smooth_blinded_by_the_light": {
    "sounds": [
      "terf:music/smooth_blinded_by_the_light"
    ]
  },
  "music.limbo": {
    "sounds": [
      "terf:music/limbo"
    ]
  },
  "music.hacknet_labyrinths_ost_sabotage": {
    "sounds": [
      "terf:music/hacknet_labyrinths_ost_sabotage"
    ]
  },
  "rumbling": {
    "sounds": [
      "terf:rumbling"
    ]
  },
  "music.im_the_king_of_pipes": {
    "sounds": [
      "terf:music/im_the_king_of_pipes"
    ]
  },
  "metal_pipe": {
    "sounds": [
      "terf:metal_pipe"
    ]
  },
  "music.skibidi": {
    "sounds": [
      "terf:music/skibidi"
    ]
  },
  "explosion.bang": {
    "sounds": [
      "terf:explosion/bang"
    ]
  },
  "explosion.bang2": {
    "sounds": [
      "terf:explosion/bang2"
    ]
  },
  "explosion.explosion_far": {
    "sounds": [
      "terf:explosion/explosion_far"
    ]
  },
  "explosion.explosion_far2": {
    "sounds": [
      "terf:explosion/explosion_far2"
    ]
  },
  "explosion.explosion_far3": {
    "sounds": [
      "terf:explosion/explosion_far3"
    ]
  },
  "explosion.explosion_rumble": {
    "sounds": [
      "terf:explosion/explosion_rumble"
    ]
  },
  "explosion.tank_shot": {
    "sounds": [
      "terf:explosion/tank_shot"
    ]
  },
  "explosion.missile": {
    "sounds": [
      "terf:explosion/missile-01",
      "terf:explosion/missile-02",
      "terf:explosion/missile-03"
    ]
  },
  "taser": {
    "sounds": [
      "terf:taser"
    ]
  },
  "missile_launch": {
    "sounds": [
      "terf:missile_launch"
    ]
  },
  "saygoodbye": {
    "sounds": [
      "terf:saygoodbye"
    ]
  },
  "music.dimrain47_at_the_speed_of_light": {
    "sounds": [
      "terf:music/dimrain47_at_the_speed_of_light"
    ]
  },
  "music.jona23_kockaracsony": {
    "sounds": [
      "terf:music/jona23_kockaracsony"
    ]
  },
  "railguncharging1": {
    "sounds": [
      "terf:railguncharging1"
    ]
  },
  "railguncharging2": {
    "sounds": [
      "terf:railguncharging2"
    ]
  },
  "railguncharging3": {
    "sounds": [
      "terf:railguncharging3"
    ]
  },
  "charge_up.heavy_startup": {
    "sounds": [
      "terf:charge_up/heavy_startup"
    ]
  },
 "charge_up.wormhole_charge": {
    "sounds": [
      "terf:charge_up/wormhole_charge"
    ]
  },
  "charge_up.charge": {
    "sounds": [
      "terf:charge_up/charge"
    ]
  },
  "charge_up.mega_chargeup": {
    "sounds": [
      "terf:charge_up/mega_chargeup"
    ]
  },
  "charge_up.mega_chargeup2": {
    "sounds": [
      "terf:charge_up/mega_chargeup2"
    ]
  },
  "charge_up.mega_chargeup3": {
    "sounds": [
      "terf:charge_up/mega_chargeup3"
    ]
  },
  "charge_up.mega_chargedown": {
    "sounds": [
      "terf:charge_up/mega_chargedown"
    ]
  },
  "charge_up.heavy_shutdown": {
    "sounds": [
      "terf:charge_up/heavy_shutdown"
    ]
  },
  "charge_up.railguncharging4": {
    "sounds": [
      "terf:charge_up/railguncharging4"
    ]
  },
  "charge_up.powerup": {
    "sounds": [
      "terf:charge_up/powerup"
    ]
  },
  "charge_up.lasercharging": {
    "sounds": [
      "terf:charge_up/lasercharging"
    ]
  },
  "charge_up.rocketlaunch": {
    "sounds": [
      "terf:charge_up/rocketlaunch"
    ]
  },
  "charge_up.energybuildup": {
    "sounds": [
      "terf:charge_up/energybuildup"
    ]
  },
  "charge_up.reactordetonationcharging": {
    "sounds": [
      "terf:charge_up/reactordetonationcharging"
    ]
  },
  "charge_up.corestartup": {
    "sounds": [
      "terf:charge_up/corestartup"
    ]
  },
  "charge_up.purgechargeup": {
    "sounds": [
      "terf:charge_up/purgechargeup"
    ]
  },
  "charge_up.novacharge": {
    "sounds": [
      "terf:charge_up/novacharge"
    ]
  },
  "lightsswitch": {
    "sounds": [
      "terf:lightsswitch"
    ]
  },
  "music.explosionmusic": {
    "sounds": [
      "terf:music/explosionmusic"
    ]
  },
  "music.hacknet_ost_malware_injection_remix": {
    "sounds": [
      "terf:music/hacknet_ost_malware_injection_remix"
    ]
  },
  "music.hacknet_music_end": {
    "sounds": [
      "terf:music/hacknet_music_end"
    ]
  },
  "explosion.hypernova": {
    "sounds": [
      "terf:explosion/hypernova"
    ]
  },
  "caseshield": {
    "sounds": [
      "terf:caseshield"
    ]
  },
  "powerpurge": {
    "sounds": [
      "terf:powerpurge"
    ]
  },
  "troty": {
    "sounds": [
      "terf:troty"
    ]
  },
  "music.restabilization_music": {
    "sounds": [
      "terf:music/restabilization_music"
    ]
  },
  "vacuumcleaner": {
    "sounds": [
      "terf:vacuumcleaner"
    ]
  },
  "explosion.shieldboom": {
    "sounds": [
      "terf:explosion/shieldboom"
    ]
  },
  "explosion.crash": {
    "sounds": [
      "terf:explosion/crash"
    ]
  },
  "reactorshutdown": {
    "sounds": [
      "terf:reactorshutdown"
    ]
  },
  "reactorsystemnoise": {
    "sounds": [
      "terf:reactorsystemnoise"
    ]
  },
  "explosion.reactorexplosion": {
    "sounds": [
      "terf:explosion/reactorexplosion"
    ]
  },
  "switch": {
    "sounds": [
      "terf:switch"
    ]
  },
  "explosion.pressuregigaboom": {
    "sounds": [
      "terf:explosion/pressuregigaboom"
    ]
  },
  "explosion.deez": {
    "sounds": [
      "terf:explosion/deez"
    ]
  },
  "explosion.fart": {
    "sounds": [
      "terf:explosion/fart"
    ]
  },
  "music.remi_galleno_panic_track": {
    "sounds": [
      "terf:music/remi_galleno_panic_track"
    ]
  },
  "music.linkin_park_in_the_end": {
    "sounds": [
      "terf:music/linkin_park_in_the_end"
    ]
  },
  "music.hacknet_ost_panic_track": {
    "sounds": [
      "terf:music/hacknet_ost_panic_track"
    ]
  },
  "music.atomtrotyzene": {
    "sounds": [
      "terf:music/atomtrotyzene"
    ]
  },
  "music.bgmusic2": {
    "sounds": [
      "terf:music/bgmusic2"
    ]
  },
  "music.hacknet_ost_carpenter_brut": {
    "sounds": [
      "terf:music/hacknet_ost_carpenter_brut"
    ]
  },
  "geiger_counter.tick_lvl1": {
    "sounds": [
      "terf:geiger_counter/tick_lvl1"
    ]
  },
  "geiger_counter.tick_lvl2": {
    "sounds": [
      "terf:geiger_counter/tick_lvl2"
    ]
  },
  "geiger_counter.tick_lvl3": {
    "sounds": [
      "terf:geiger_counter/tick_lvl3"
    ]
  },
  "geiger_counter.tick_lvl4": {
    "sounds": [
      "terf:geiger_counter/tick_lvl4"
    ]
  },
  "geiger_counter.tick_lvl5": {
    "sounds": [
      "terf:geiger_counter/tick_lvl5"
    ]
  },
  "geiger_counter.tick_lvl6": {
    "sounds": [
      "terf:geiger_counter/tick_lvl6"
    ]
  },
  "geiger_counter.tick_lvl7": {
    "sounds": [
      "terf:geiger_counter/tick_lvl7"
    ]
  },
  "geiger_counter.tick_lvl8": {
    "sounds": [
      "terf:geiger_counter/tick_lvl8"
    ]
  },
  "music.dimrain47_every_end": {
    "sounds": [
      "terf:music/dimrain47_every_end"
    ]
  },
  "explosion.rocketfly": {
    "sounds": [
      "terf:explosion/rocketfly"
    ]
  },
  "explosion.atomfegyver": {
    "sounds": [
      "terf:explosion/atomfegyver"
    ]
  },
  "supergigameganuclearexplosion": {
    "sounds": [
      "terf:explosion/supergigameganuclearexplosion"
    ]
  },
  "reactorhumming": {
    "sounds": [
      "terf:reactorhumming"
    ]
  },
  "tts.a": {
    "sounds": [
      "terf:tts/a"
    ]
  },
  "tts.b": {
    "sounds": [
      "terf:tts/b"
    ]
  },
  "tts.c": {
    "sounds": [
      "terf:tts/c"
    ]
  },
  "tts.d": {
    "sounds": [
      "terf:tts/d"
    ]
  },
  "tts.e": {
    "sounds": [
      "terf:tts/e"
    ]
  },
  "tts.f": {
    "sounds": [
      "terf:tts/f"
    ]
  },
  "tts.g": {
    "sounds": [
      "terf:tts/g"
    ]
  },
  "tts.h": {
    "sounds": [
      "terf:tts/h"
    ]
  },
  "tts.i": {
    "sounds": [
      "terf:tts/i"
    ]
  },
  "tts.j": {
    "sounds": [
      "terf:tts/j"
    ]
  },
  "tts.k": {
    "sounds": [
      "terf:tts/k"
    ]
  },
  "tts.l": {
    "sounds": [
      "terf:tts/l"
    ]
  },
  "tts.m": {
    "sounds": [
      "terf:tts/m"
    ]
  },
  "tts.n": {
    "sounds": [
      "terf:tts/n"
    ]
  },
  "tts.o": {
    "sounds": [
      "terf:tts/o"
    ]
  },
  "tts.p": {
    "sounds": [
      "terf:tts/p"
    ]
  },
  "tts.q": {
    "sounds": [
      "terf:tts/q"
    ]
  },
  "tts.r": {
    "sounds": [
      "terf:tts/r"
    ]
  },
  "tts.s": {
    "sounds": [
      "terf:tts/s"
    ]
  },
  "tts.t": {
    "sounds": [
      "terf:tts/t"
    ]
  },
  "tts.u": {
    "sounds": [
      "terf:tts/u"
    ]
  },
  "tts.v": {
    "sounds": [
      "terf:tts/v"
    ]
  },
  "tts.w": {
    "sounds": [
      "terf:tts/w"
    ]
  },
  "tts.x": {
    "sounds": [
      "terf:tts/x"
    ]
  },
  "tts.y": {
    "sounds": [
      "terf:tts/y"
    ]
  },
  "tts.z": {
    "sounds": [
      "terf:tts/z"
    ]
  }
}