{
	"credit": "Made with Blockbench",
	"parent":"minecraft:block/block",
	"textures": {
		"3": "block/waxed_oxidized_cut_copper"
	},
	"elements": [
		{
			"from": [8, 0, 0],
			"to": [16, 16, 16],
			"rotation": {"angle": 0, "axis": "y", "origin": [-24, -24, 40]},
			"faces": {
				"north": {"uv": [0, 0, 8, 16], "texture": "#3"},
				"east": {"uv": [0, 0, 16, 16], "texture": "#3"},
				"south": {"uv": [8, 0, 16, 16], "texture": "#3"},
				"west": {"uv": [0, 0, 16, 16], "texture": "#3"},
				"up": {"uv": [16, 8, 0, 16], "rotation": 90, "texture": "#3"},
				"down": {"uv": [0, 16, 8, 0], "texture": "#3"}
			}
		},
		{
			"from": [0, 0, 0],
			"to": [8, 16, 8],
			"rotation": {"angle": 0, "axis": "y", "origin": [-24, -24, 40]},
			"faces": {
				"north": {"uv": [8, 0, 16, 16], "texture": "#3"},
				"south": {"uv": [0, 0, 8, 16], "texture": "#3"},
				"west": {"uv": [0, 0, 8, 16], "texture": "#3"},
				"up": {"uv": [8, 0, 0, 8], "rotation": 90, "texture": "#3"},
				"down": {"uv": [8, 16, 16, 8], "texture": "#3"}
			}
		}
	],
	"groups": [
		{
			"name": "structure",
			"origin": [8, 8, 8],
			"color": 0,
			"children": [0, 1]
		}
	]
}