{
  "model": {
    "type": "minecraft:range_dispatch",
    "property": "minecraft:custom_model_data",
    "entries": [
      {
        "threshold": 1,
        "model": {
          "type": "minecraft:model",
          "model": "reactor:item/redstone_dust_plate"
        }
      },
      {
        "threshold": 2,
        "model": {
          "type": "minecraft:model",
          "model": "reactor:item/unassembled_pcb"
        }
      }
    ],
    "fallback": {
      "type": "minecraft:model",
      "model": "minecraft:item/redstone"
    }
  }
}